<?xml version="1.0" encoding="UTF-8"?>
<Entities
 universal="password">
    <LocalizationTables>
        <LocalizationTable
         aspect.isCreatable="false"
         aspect.isEditableSystemObject="true"
         description="Default localization table"
         documentationContent=""
         homeMashup=""
         languageCommon="languageCommon"
         languageNative="languageNative"
         name="pt-BR"
         projectName=""
         tags="PTC-PLM:TRACELINKS">
            <avatar></avatar>
            <DesignTimePermissions>
                <Create></Create>
                <Read></Read>
                <Update></Update>
                <Delete></Delete>
                <Metadata></Metadata>
            </DesignTimePermissions>
            <RunTimePermissions></RunTimePermissions>
            <VisibilityPermissions>
                <Visibility></Visibility>
            </VisibilityPermissions>
            <ConfigurationTableDefinitions></ConfigurationTableDefinitions>
            <ConfigurationTables>
                <ConfigurationTable
                 dataShapeName=""
                 description="Localization tokens and usage"
                 isMultiRow="true"
                 name="LocalizationTokens"
                 ordinal="0">
                    <DataShape>
                        <FieldDefinitions>
                            <FieldDefinition
                             aspect.friendlyName="Translation context"
                             baseType="STRING"
                             description="Translation context"
                             name="context"
                             ordinal="3"></FieldDefinition>
                            <FieldDefinition
                             aspect.friendlyName="Token name"
                             baseType="STRING"
                             description="Token name"
                             name="name"
                             ordinal="0"></FieldDefinition>
                            <FieldDefinition
                             aspect.friendlyName="Token usage"
                             baseType="STRING"
                             description="Token usage"
                             name="usage"
                             ordinal="2"></FieldDefinition>
                            <FieldDefinition
                             aspect.friendlyName="Localized value"
                             baseType="STRING"
                             description="Localized value"
                             name="value"
                             ordinal="1"></FieldDefinition>
                        </FieldDefinitions>
                    </DataShape>
                    <Rows><Row>
                            <context></context>
                            <name>
                            <![CDATA[
                            PTC.PLM.TraceLinks.AttributesNotFound
                            ]]>
                            </name>
                            <usage>
                            <![CDATA[
                            message
                            ]]>
                            </usage>
                            <value>
                            <![CDATA[
                            Não foi possível descobrir os valores para os atributos {0}.
                            ]]>
                            </value>
                        </Row><Row>
                            <context></context>
                            <name>
                            <![CDATA[
                            PTC.PLM.TraceLinks.ConfigTableDoesNotExist
                            ]]>
                            </name>
                            <usage>
                            <![CDATA[
                            message
                            ]]>
                            </usage>
                            <value>
                            <![CDATA[
                            A Tabela de Configuração com o nome {0} não existe no thing {1}
                            ]]>
                            </value>
                        </Row><Row>
                            <context></context>
                            <name>
                            <![CDATA[
                            PTC.PLM.TraceLinks.DuplicateBaseUrls
                            ]]>
                            </name>
                            <usage>
                            <![CDATA[
                            message
                            ]]>
                            </usage>
                            <value>
                            <![CDATA[
                            URLs de Base duplicadas encontradas no Thing de configuração {0}. Entre em contato com o seu administrador.
                            ]]>
                            </value>
                        </Row><Row>
                            <context></context>
                            <name>
                            <![CDATA[
                            PTC.PLM.TraceLinks.DuplicateServerName
                            ]]>
                            </name>
                            <usage>
                            <![CDATA[
                            message
                            ]]>
                            </usage>
                            <value>
                            <![CDATA[
                            Nome de servidor duplicado encontrado no Thing de Configuração {0}. Entre em contato com o seu administrador.
                            ]]>
                            </value>
                        </Row><Row>
                            <context></context>
                            <name>
                            <![CDATA[
                            PTC.PLM.TraceLinks.GetServerResourceDetailsError
                            ]]>
                            </name>
                            <usage>
                            <![CDATA[
                            message
                            ]]>
                            </usage>
                            <value>
                            <![CDATA[
                            Não é possível obter Detalhes do recurso. Entre em contato com o seu administrador.
                            ]]>
                            </value>
                        </Row><Row>
                            <context></context>
                            <name>
                            <![CDATA[
                            PTC.PLM.TraceLinks.GetServiceHeirarchyError
                            ]]>
                            </name>
                            <usage>
                            <![CDATA[
                            message
                            ]]>
                            </usage>
                            <value>
                            <![CDATA[
                            Não é possível obter a Hierarquia de serviço. Entre em contato com o administrador
                            ]]>
                            </value>
                        </Row><Row>
                            <context></context>
                            <name>
                            <![CDATA[
                            PTC.PLM.TraceLinks.InputMissing
                            ]]>
                            </name>
                            <usage>
                            <![CDATA[
                            message
                            ]]>
                            </usage>
                            <value>
                            <![CDATA[
                            Os valores para o parâmetro de entrada {0} estão ausentes
                            ]]>
                            </value>
                        </Row><Row>
                            <context></context>
                            <name>
                            <![CDATA[
                            PTC.PLM.TraceLinks.NoMatchingConfigThing
                            ]]>
                            </name>
                            <usage>
                            <![CDATA[
                            message
                            ]]>
                            </usage>
                            <value>
                            <![CDATA[
                            Nenhum Thing de Configuração correspondente encontrado para {0}={1}. Entre em contato com o seu administrador.
                            ]]>
                            </value>
                        </Row><Row>
                            <context></context>
                            <name>
                            <![CDATA[
                            PTC.PLM.TraceLinks.NoResourceTypeConfig
                            ]]>
                            </name>
                            <usage>
                            <![CDATA[
                            message
                            ]]>
                            </usage>
                            <value>
                            <![CDATA[
                            Nenhuma configuração encontrada para o tipo de recurso {0}. Entre em contato com o seu administrador.
                            ]]>
                            </value>
                        </Row><Row>
                            <context></context>
                            <name>
                            <![CDATA[
                            PTC.PLM.TraceLinks.NoServerConfig
                            ]]>
                            </name>
                            <usage>
                            <![CDATA[
                            message
                            ]]>
                            </usage>
                            <value>
                            <![CDATA[
                            Nenhuma configuração encontrada para o servidor {0}. Entre em contato com o seu administrador.
                            ]]>
                            </value>
                        </Row><Row>
                            <context></context>
                            <name>
                            <![CDATA[
                            PTC.PLM.TraceLinks.ResourceFormatInvalid
                            ]]>
                            </name>
                            <usage>
                            <![CDATA[
                            message
                            ]]>
                            </usage>
                            <value>
                            <![CDATA[
                            O formato dos registros é inválido. Forneça registros em JSONArray.
                            ]]>
                            </value>
                        </Row></Rows>
                </ConfigurationTable>
            </ConfigurationTables>
        </LocalizationTable>
    </LocalizationTables>
</Entities>
