<?xml version="1.0" encoding="UTF-8"?>
<Entities
 universal="password">
    <Mashups>
        <Mashup
         aspect.isFlex="true"
         aspect.isResponsive="true"
         aspect.mashupType="mashup"
         columns="0.0"
         description=""
         documentationContent=""
         homeMashup=""
         name="TestKendoGrid.Mashup_git"
         projectName="GitTest"
         rows="0.0"
         tags="">
            <avatar></avatar>
            <DesignTimePermissions>
                <Create></Create>
                <Read></Read>
                <Update></Update>
                <Delete></Delete>
                <Metadata></Metadata>
            </DesignTimePermissions>
            <RunTimePermissions></RunTimePermissions>
            <VisibilityPermissions>
                <Visibility></Visibility>
            </VisibilityPermissions>
            <ConfigurationTableDefinitions></ConfigurationTableDefinitions>
            <ConfigurationTables>
                <ConfigurationTable
                 dataShapeName=""
                 description="Mashup Mobile Settings"
                 isHidden="true"
                 isMultiRow="false"
                 name="MobileSettings"
                 ordinal="0">
                    <DataShape>
                        <FieldDefinitions>
                            <FieldDefinition
                             aspect.defaultValue="false"
                             aspect.friendlyName="Disable Zoom"
                             baseType="BOOLEAN"
                             description="Disables zooming in and out within the mashup"
                             name="disableZoom"
                             ordinal="0"></FieldDefinition>
                            <FieldDefinition
                             aspect.defaultValue="true"
                             aspect.friendlyName="Full Screen Mode"
                             baseType="BOOLEAN"
                             description="Open the mashup in full screen mode"
                             name="fullScreenMode"
                             ordinal="0"></FieldDefinition>
                            <FieldDefinition
                             aspect.friendlyName="Height"
                             baseType="STRING"
                             description="The height of the mashup page"
                             name="height"
                             ordinal="0"></FieldDefinition>
                            <FieldDefinition
                             aspect.defaultValue="device-height"
                             aspect.friendlyName="Height Type"
                             baseType="STRING"
                             description="Use the height of the device display, or a custom height (in px)"
                             name="heightType"
                             ordinal="0"></FieldDefinition>
                            <FieldDefinition
                             aspect.defaultValue="1.0"
                             aspect.friendlyName="Initial Scale"
                             baseType="NUMBER"
                             description="The initial zoom scale when the mashup is loaded for the first time"
                             name="initialScale"
                             ordinal="0"></FieldDefinition>
                            <FieldDefinition
                             aspect.friendlyName="Shortcut Icon Title"
                             baseType="STRING"
                             description="A title for the mashup shortcut on the iOS home screen"
                             name="iosShortcutIconTitle"
                             ordinal="0"></FieldDefinition>
                            <FieldDefinition
                             aspect.defaultValue="black-translucent"
                             aspect.friendlyName="Status Bar Appearance"
                             baseType="STRING"
                             description="The style of the iOS status bar"
                             name="iosStatusBarAppearance"
                             ordinal="0"></FieldDefinition>
                            <FieldDefinition
                             aspect.defaultValue="10.0"
                             aspect.friendlyName="Maximum Scale"
                             baseType="NUMBER"
                             description="The maximum scale that users can zoom out to"
                             name="maximumScale"
                             ordinal="0"></FieldDefinition>
                            <FieldDefinition
                             aspect.defaultValue="0.1"
                             aspect.friendlyName="Minimum Scale"
                             baseType="NUMBER"
                             description="The minimum scale that users can zoom out to"
                             name="minimumScale"
                             ordinal="0"></FieldDefinition>
                            <FieldDefinition
                             aspect.friendlyName="Width"
                             baseType="STRING"
                             description="The width of the mashup page"
                             name="width"
                             ordinal="0"></FieldDefinition>
                            <FieldDefinition
                             aspect.defaultValue="device-width"
                             aspect.friendlyName="Width Type"
                             baseType="STRING"
                             description="Use the width of the device display, or a custom width (in px)"
                             name="widthType"
                             ordinal="0"></FieldDefinition>
                        </FieldDefinitions>
                    </DataShape>
                    <Rows>
                        <Row>
                            <disableZoom>false</disableZoom>
                            <fullScreenMode>true</fullScreenMode>
                            <height>
                            <![CDATA[
                            device-height
                            ]]>
                            </height>
                            <heightType>
                            <![CDATA[
                            device-height
                            ]]>
                            </heightType>
                            <initialScale>1.0</initialScale>
                            <iosShortcutIconTitle></iosShortcutIconTitle>
                            <iosStatusBarAppearance>
                            <![CDATA[
                            black-translucent
                            ]]>
                            </iosStatusBarAppearance>
                            <maximumScale>10.0</maximumScale>
                            <minimumScale>0.1</minimumScale>
                            <width>
                            <![CDATA[
                            device-width
                            ]]>
                            </width>
                            <widthType>
                            <![CDATA[
                            device-width
                            ]]>
                            </widthType>
                        </Row>
                    </Rows>
                </ConfigurationTable>
            </ConfigurationTables>
            <ParameterDefinitions></ParameterDefinitions>
            <Things></Things>
            <ThingShapes></ThingShapes>
            <ThingTemplates></ThingTemplates>
            <mashupContent>
            <![CDATA[{
  "CustomMashupCss": "",
  "Data": {
    "Session": {
      "DataName": "Session",
      "EntityName": "",
      "EntityType": "Session",
      "Id": "session",
      "Services": [
        {
          "APIMethod": "post",
          "Characteristic": "Services",
          "Id": "SessionInterface",
          "Name": "GetGlobalSessionValues",
          "Parameters": {},
          "RefreshInterval": 0,
          "Target": "GetGlobalSessionValues"
        }
      ]
    },
    "Things_TestKendoGrid.Thing": {
      "DataName": "Things_TestKendoGrid.Thing",
      "EntityName": "TestKendoGrid.Thing",
      "EntityType": "Things",
      "Id": "e470f826-ed61-4731-b3de-dde8af391e65",
      "RefreshInterval": 0,
      "Services": [
        {
          "APIMethod": "post",
          "Characteristic": "Services",
          "Id": "27405c5c-aedf-4894-93e0-f385ff3f1f98",
          "Name": "getConfiguration",
          "Parameters": {},
          "RefreshInterval": 0,
          "Target": "getConfiguration"
        },
        {
          "APIMethod": "post",
          "Characteristic": "Services",
          "Id": "224fdfd2-0792-4e6e-b0df-d3f812206c80",
          "Name": "getData",
          "Parameters": {},
          "RefreshInterval": 0,
          "Target": "getData"
        }
      ]
    },
    "UserExtensions": {
      "DataName": "UserExtensions",
      "EntityName": "",
      "EntityType": "UserExtensions",
      "Id": "UserExtensions",
      "Services": [
        {
          "APIMethod": "post",
          "Characteristic": "Services",
          "Id": "UserExtensionInterface",
          "Name": "GetCurrentUserExtensionProperties",
          "Parameters": {},
          "RefreshInterval": 0,
          "Target": "GetCurrentUserExtensionProperties"
        }
      ]
    }
  },
  "DataBindings": [
    {
      "Id": "2647228376077921",
      "PropertyMaps": [
        {
          "SourceProperty": "result",
          "SourcePropertyBaseType": "STRING",
          "SourcePropertyType": "Field",
          "TargetProperty": "Configuration",
          "TargetPropertyBaseType": "STRING",
          "TargetPropertyType": "property"
        }
      ],
      "SourceArea": "Data",
      "SourceDetails": "AllData",
      "SourceId": "getConfiguration",
      "SourceSection": "Things_TestKendoGrid.Thing",
      "TargetArea": "UI",
      "TargetId": "kendouigrid-3",
      "TargetSection": ""
    },
    {
      "Id": "3514171479897048",
      "PropertyMaps": [
        {
          "SourceProperty": "",
          "SourcePropertyBaseType": "INFOTABLE",
          "SourcePropertyType": "InfoTable",
          "TargetProperty": "Data",
          "TargetPropertyBaseType": "INFOTABLE",
          "TargetPropertyType": "property"
        }
      ],
      "SourceArea": "Data",
      "SourceDetails": "AllData",
      "SourceId": "getData",
      "SourceSection": "Things_TestKendoGrid.Thing",
      "TargetArea": "UI",
      "TargetId": "kendouigrid-3",
      "TargetSection": ""
    },
    {
      "Id": "3106693546468319",
      "PropertyMaps": [
        {
          "SourceProperty": "",
          "SourcePropertyBaseType": "INFOTABLE",
          "SourcePropertyType": "InfoTable",
          "TargetProperty": "Data",
          "TargetPropertyBaseType": "INFOTABLE",
          "TargetPropertyType": "property"
        }
      ],
      "SourceArea": "Data",
      "SourceDetails": "AllData",
      "SourceId": "getData",
      "SourceName": "getData",
      "SourceSection": "Things_TestKendoGrid.Thing",
      "TargetArea": "UI",
      "TargetId": "gridadvanced-6",
      "TargetSection": ""
    },
    {
      "Id": "295532581611327",
      "PropertyMaps": [
        {
          "SourceProperty": "result",
          "SourcePropertyBaseType": "STRING",
          "SourcePropertyType": "Field",
          "TargetProperty": "Configuration",
          "TargetPropertyBaseType": "STRING",
          "TargetPropertyType": "property"
        }
      ],
      "SourceArea": "Data",
      "SourceDetails": "AllData",
      "SourceId": "getConfiguration",
      "SourceSection": "Things_TestKendoGrid.Thing",
      "TargetArea": "UI",
      "TargetId": "gridadvanced-6",
      "TargetSection": ""
    }
  ],
  "DesignTimePermissions": {},
  "Events": [
    {
      "EventHandlerArea": "Data",
      "EventHandlerId": "Things_TestKendoGrid.Thing",
      "EventHandlerService": "getConfiguration",
      "EventTriggerArea": "Mashup",
      "EventTriggerEvent": "Loaded",
      "EventTriggerId": "mashup-root",
      "EventTriggerSection": "",
      "Id": "4219347428344455"
    },
    {
      "EventHandlerArea": "Data",
      "EventHandlerId": "Things_TestKendoGrid.Thing",
      "EventHandlerService": "getData",
      "EventTriggerArea": "Mashup",
      "EventTriggerEvent": "Loaded",
      "EventTriggerId": "mashup-root",
      "EventTriggerSection": "",
      "Id": "8624644877035260"
    }
  ],
  "RunTimePermissions": {},
  "UI": {
    "Properties": {
      "AddToDashboardButton": "SimplePlus",
      "AddToDashboardButtonStyle": "DefaultAddToDashboardButtonStyle",
      "Area": "Mashup",
      "BGImage": "",
      "BGImageRepeat": "no-repeat",
      "BGImageSize": "auto",
      "Columns": 0,
      "ConfigureGadgetButton": "SimpleGear",
      "ConfigureGadgetButtonStyle": "DefaultConfigureGadgetButtonStyle",
      "DisplayName": "Mashup",
      "EnableParameterEditing": false,
      "Height": 618,
      "Id": "mashup-root",
      "IgnoreWarningsInViewMashup": false,
      "IsPrintLayout": false,
      "Left": 0,
      "MashupToEditGadget": "DefaultMashupToEditGadget",
      "MinHeight": 0,
      "MinWidth": 0,
      "ResponsiveLayout": true,
      "Rows": 0,
      "ShowDataLoading": true,
      "Style": "DefaultMashupStyle",
      "StyleTheme": "TestTheme_git",
      "Title": "",
      "TitleBar": false,
      "TitleBarStyle": "DefaultTitleBarStyle",
      "TitleBarText": "Gadget Title Here",
      "Top": 0,
      "Type": "mashup",
      "UseMasterTheme": false,
      "UseTheme": false,
      "UseThemeForHybrids": false,
      "Visible": true,
      "Width": 1024,
      "Z-index": 10,
      "__TypeDisplayName": "Mashup",
      "id_index": 6,
      "supportsAutoResize": true
    },
    "Widgets": [
      {
        "Properties": {
          "Area": "UI",
          "DisplayName": "container-2",
          "EnableExpandCollapse": false,
          "ExpandCollapseTabLocation": "inside",
          "Expanded": true,
          "Id": "flexcontainer-2",
          "LastContainer": true,
          "Overlay": false,
          "ResponsiveLayout": true,
          "ShowDataLoading": true,
          "ShowExpandCollapseTab": false,
          "SourceURL": "",
          "Style": "DefaultContainerStyle",
          "StyleProperties": {},
          "Type": "flexcontainer",
          "UseTheme": true,
          "Visible": true,
          "Z-index": 10,
          "__TypeDisplayName": "Responsive Container",
          "align-content": "flex-start",
          "align-items": "flex-start",
          "flex-basis": "auto",
          "flex-direction": "column",
          "flex-grow": 1,
          "flex-max-height": "",
          "flex-max-width": "",
          "flex-min-height": "",
          "flex-min-width": "",
          "flex-shrink": 1,
          "flex-size": "default",
          "flex-wrap": "nowrap",
          "iconClass": "widgets-flexcontainer",
          "justify-content": "flex-start",
          "positioning": "responsive",
          "userCannotRemove": true
        },
        "Widgets": [
          {
            "Properties": {
              "Area": "UI",
              "DisplayName": "container-5",
              "EnableExpandCollapse": false,
              "ExpandCollapseTabLocation": "inside",
              "Expanded": true,
              "Id": "flexcontainer-5",
              "LastContainer": false,
              "Overlay": false,
              "ResponsiveLayout": false,
              "ShowDataLoading": true,
              "ShowExpandCollapseTab": false,
              "SourceURL": "",
              "Style": "DefaultContainerStyle",
              "StyleProperties": {},
              "Type": "flexcontainer",
              "UseTheme": true,
              "Visible": true,
              "Z-index": 10,
              "__TypeDisplayName": "Responsive Container",
              "align-content": "flex-start",
              "align-items": "flex-start",
              "flex-basis": "auto",
              "flex-direction": "row",
              "flex-grow": 1,
              "flex-max-height": "",
              "flex-max-width": "",
              "flex-min-height": "",
              "flex-min-width": "",
              "flex-shrink": 1,
              "flex-size": "default",
              "flex-wrap": "nowrap",
              "iconClass": "widgets-flexcontainer",
              "isLocked": false,
              "justify-content": "flex-start",
              "positioning": "responsive",
              "userCannotRemove": false
            },
            "Widgets": [
              {
                "Properties": {
                  "Area": "UI",
                  "AutoScroll": true,
                  "CellBorderStyle": "DefaultGridAdvancedCellBorderStyle",
                  "CellValidationErrorStyle": "DefaultGridAdvancedCellValidationErrorStyle",
                  "CellValidationErrorTooltipStyle": "DefaultGridAdvancedCellValidationErrorTooltipStyle",
                  "ColumnFormat": {
                    "formatInfo": [
                      {
                        "Align": "left",
                        "AllowEdit": false,
                        "FieldName": "isSelected",
                        "FormatOptions": {
                          "FormatString": "checkbox",
                          "renderer": "BOOLEAN"
                        },
                        "Title": "isSelected",
                        "ValidationExpression": "",
                        "ValidationMessage": "",
                        "Width": "auto"
                      },
                      {
                        "Align": "left",
                        "AllowEdit": false,
                        "FieldName": "uid",
                        "FormatOptions": {
                          "FormatString": "full",
                          "renderer": "STRING"
                        },
                        "Title": "uid",
                        "ValidationExpression": "",
                        "ValidationMessage": "",
                        "Width": "auto"
                      },
                      {
                        "Align": "left",
                        "AllowEdit": false,
                        "FieldName": "id_verification_result",
                        "FormatOptions": {
                          "FormatString": "0",
                          "renderer": "INTEGER"
                        },
                        "Title": "id_verification_result",
                        "ValidationExpression": "",
                        "ValidationMessage": "",
                        "Width": "auto"
                      },
                      {
                        "Align": "left",
                        "AllowEdit": false,
                        "FieldName": "id_verification",
                        "FormatOptions": {
                          "FormatString": "0",
                          "renderer": "INTEGER"
                        },
                        "Title": "id_verification",
                        "ValidationExpression": "",
                        "ValidationMessage": "",
                        "Width": "auto"
                      },
                      {
                        "Align": "left",
                        "AllowEdit": false,
                        "FieldName": "id_article",
                        "FormatOptions": {
                          "FormatString": "full",
                          "renderer": "STRING"
                        },
                        "Title": "id_article",
                        "ValidationExpression": "",
                        "ValidationMessage": "",
                        "Width": "auto"
                      },
                      {
                        "Align": "left",
                        "AllowEdit": false,
                        "FieldName": "id_part",
                        "FormatOptions": {
                          "FormatString": "full",
                          "renderer": "STRING"
                        },
                        "Title": "id_part",
                        "ValidationExpression": "",
                        "ValidationMessage": "",
                        "Width": "auto"
                      },
                      {
                        "Align": "left",
                        "AllowEdit": false,
                        "FieldName": "id_rvs",
                        "FormatOptions": {
                          "FormatString": "full",
                          "renderer": "STRING"
                        },
                        "Title": "id_rvs",
                        "ValidationExpression": "",
                        "ValidationMessage": "",
                        "Width": "auto"
                      },
                      {
                        "Align": "left",
                        "AllowEdit": false,
                        "FieldName": "id_rvs_verified",
                        "FormatOptions": {
                          "FormatString": "full",
                          "renderer": "STRING"
                        },
                        "Title": "id_rvs_verified",
                        "ValidationExpression": "",
                        "ValidationMessage": "",
                        "Width": "auto"
                      },
                      {
                        "Align": "left",
                        "AllowEdit": false,
                        "FieldName": "applies_to_material",
                        "FormatOptions": {
                          "FormatString": "full",
                          "renderer": "STRING"
                        },
                        "Title": "applies_to_material",
                        "ValidationExpression": "",
                        "ValidationMessage": "",
                        "Width": "auto"
                      },
                      {
                        "Align": "left",
                        "AllowEdit": false,
                        "FieldName": "applies_to_name",
                        "FormatOptions": {
                          "FormatString": "full",
                          "renderer": "STRING"
                        },
                        "Title": "applies_to_name",
                        "ValidationExpression": "",
                        "ValidationMessage": "",
                        "Width": "auto"
                      },
                      {
                        "Align": "left",
                        "AllowEdit": false,
                        "FieldName": "producer",
                        "FormatOptions": {
                          "FormatString": "full",
                          "renderer": "STRING"
                        },
                        "Title": "producer",
                        "ValidationExpression": "",
                        "ValidationMessage": "",
                        "Width": "auto"
                      },
                      {
                        "Align": "left",
                        "AllowEdit": false,
                        "FieldName": "requirement_title",
                        "FormatOptions": {
                          "FormatString": "full",
                          "renderer": "STRING"
                        },
                        "Title": "requirement_title",
                        "ValidationExpression": "",
                        "ValidationMessage": "",
                        "Width": "auto"
                      },
                      {
                        "Align": "left",
                        "AllowEdit": false,
                        "FieldName": "requirement_type",
                        "FormatOptions": {
                          "FormatString": "full",
                          "renderer": "STRING"
                        },
                        "Title": "requirement_type",
                        "ValidationExpression": "",
                        "ValidationMessage": "",
                        "Width": "auto"
                      },
                      {
                        "Align": "left",
                        "AllowEdit": false,
                        "FieldName": "requirement_subtype",
                        "FormatOptions": {
                          "FormatString": "full",
                          "renderer": "STRING"
                        },
                        "Title": "requirement_subtype",
                        "ValidationExpression": "",
                        "ValidationMessage": "",
                        "Width": "auto"
                      },
                      {
                        "Align": "left",
                        "AllowEdit": false,
                        "FieldName": "requirement_text",
                        "FormatOptions": {
                          "FormatString": "raw",
                          "renderer": "HTML"
                        },
                        "Title": "requirement_text",
                        "ValidationExpression": "",
                        "ValidationMessage": "",
                        "Width": "auto"
                      },
                      {
                        "Align": "right",
                        "AllowEdit": false,
                        "FieldName": "value_1",
                        "FormatOptions": {
                          "FormatString": "0.00",
                          "renderer": "NUMBER"
                        },
                        "Title": "value_1",
                        "ValidationExpression": "",
                        "ValidationMessage": "",
                        "Width": "auto"
                      },
                      {
                        "Align": "left",
                        "AllowEdit": false,
                        "FieldName": "math_operator_1",
                        "FormatOptions": {
                          "FormatString": "full",
                          "renderer": "STRING"
                        },
                        "Title": "math_operator_1",
                        "ValidationExpression": "",
                        "ValidationMessage": "",
                        "Width": "auto"
                      },
                      {
                        "Align": "right",
                        "AllowEdit": false,
                        "FieldName": "value_2",
                        "FormatOptions": {
                          "FormatString": "0.00",
                          "renderer": "NUMBER"
                        },
                        "Title": "value_2",
                        "ValidationExpression": "",
                        "ValidationMessage": "",
                        "Width": "auto"
                      },
                      {
                        "Align": "left",
                        "AllowEdit": false,
                        "FieldName": "math_operator_2",
                        "FormatOptions": {
                          "FormatString": "full",
                          "renderer": "STRING"
                        },
                        "Title": "math_operator_2",
                        "ValidationExpression": "",
                        "ValidationMessage": "",
                        "Width": "auto"
                      },
                      {
                        "Align": "left",
                        "AllowEdit": false,
                        "FieldName": "measuring_unit",
                        "FormatOptions": {
                          "FormatString": "full",
                          "renderer": "STRING"
                        },
                        "Title": "measuring_unit",
                        "ValidationExpression": "",
                        "ValidationMessage": "",
                        "Width": "auto"
                      },
                      {
                        "Align": "left",
                        "AllowEdit": false,
                        "FieldName": "pass_fail_criteria",
                        "FormatOptions": {
                          "FormatString": "checkbox",
                          "renderer": "BOOLEAN"
                        },
                        "Title": "pass_fail_criteria",
                        "ValidationExpression": "",
                        "ValidationMessage": "",
                        "Width": "auto"
                      },
                      {
                        "Align": "left",
                        "AllowEdit": false,
                        "FieldName": "verification_data_format",
                        "FormatOptions": {
                          "FormatString": "full",
                          "renderer": "STRING"
                        },
                        "Title": "verification_data_format",
                        "ValidationExpression": "",
                        "ValidationMessage": "",
                        "Width": "auto"
                      },
                      {
                        "Align": "left",
                        "AllowEdit": false,
                        "FieldName": "requirement_source",
                        "FormatOptions": {
                          "FormatString": "full",
                          "renderer": "STRING"
                        },
                        "Title": "requirement_source",
                        "ValidationExpression": "",
                        "ValidationMessage": "",
                        "Width": "auto"
                      },
                      {
                        "Align": "left",
                        "AllowEdit": false,
                        "FieldName": "requirement_valid_from",
                        "FormatOptions": {
                          "FormatString": "full",
                          "renderer": "STRING"
                        },
                        "Title": "requirement_valid_from",
                        "ValidationExpression": "",
                        "ValidationMessage": "",
                        "Width": "auto"
                      },
                      {
                        "Align": "left",
                        "AllowEdit": false,
                        "FieldName": "requirement_valid_to",
                        "FormatOptions": {
                          "FormatString": "full",
                          "renderer": "STRING"
                        },
                        "Title": "requirement_valid_to",
                        "ValidationExpression": "",
                        "ValidationMessage": "",
                        "Width": "auto"
                      },
                      {
                        "Align": "left",
                        "AllowEdit": false,
                        "FieldName": "latest_implementation_date",
                        "FormatOptions": {
                          "FormatString": "full",
                          "renderer": "STRING"
                        },
                        "Title": "latest_implementation_date",
                        "ValidationExpression": "",
                        "ValidationMessage": "",
                        "Width": "auto"
                      },
                      {
                        "Align": "left",
                        "AllowEdit": false,
                        "FieldName": "verification_method",
                        "FormatOptions": {
                          "FormatString": "full",
                          "renderer": "STRING"
                        },
                        "Title": "verification_method",
                        "ValidationExpression": "",
                        "ValidationMessage": "",
                        "Width": "auto"
                      },
                      {
                        "Align": "left",
                        "AllowEdit": false,
                        "FieldName": "reporting_frequency",
                        "FormatOptions": {
                          "FormatString": "full",
                          "renderer": "STRING"
                        },
                        "Title": "reporting_frequency",
                        "ValidationExpression": "",
                        "ValidationMessage": "",
                        "Width": "auto"
                      },
                      {
                        "Align": "left",
                        "AllowEdit": false,
                        "FieldName": "ValidationMashupName",
                        "FormatOptions": {
                          "FormatString": "full",
                          "renderer": "STRING"
                        },
                        "Title": "ValidationMashupName",
                        "ValidationExpression": "",
                        "ValidationMessage": "",
                        "Width": "auto"
                      },
                      {
                        "Align": "left",
                        "AllowEdit": false,
                        "FieldName": "popup_width",
                        "FormatOptions": {
                          "FormatString": "0",
                          "renderer": "INTEGER"
                        },
                        "Title": "popup_width",
                        "ValidationExpression": "",
                        "ValidationMessage": "",
                        "Width": "auto"
                      },
                      {
                        "Align": "left",
                        "AllowEdit": false,
                        "FieldName": "popup_height",
                        "FormatOptions": {
                          "FormatString": "0",
                          "renderer": "INTEGER"
                        },
                        "Title": "popup_height",
                        "ValidationExpression": "",
                        "ValidationMessage": "",
                        "Width": "auto"
                      },
                      {
                        "Align": "left",
                        "AllowEdit": false,
                        "FieldName": "parent_supplier",
                        "FormatOptions": {
                          "FormatString": "full",
                          "renderer": "STRING"
                        },
                        "Title": "parent_supplier",
                        "ValidationExpression": "",
                        "ValidationMessage": "",
                        "Width": "auto"
                      },
                      {
                        "Align": "left",
                        "AllowEdit": false,
                        "FieldName": "child_supplier",
                        "FormatOptions": {
                          "FormatString": "full",
                          "renderer": "STRING"
                        },
                        "Title": "child_supplier",
                        "ValidationExpression": "",
                        "ValidationMessage": "",
                        "Width": "auto"
                      },
                      {
                        "Align": "left",
                        "AllowEdit": false,
                        "FieldName": "delegated_to",
                        "FormatOptions": {
                          "FormatString": "full",
                          "renderer": "STRING"
                        },
                        "Title": "delegated_to",
                        "ValidationExpression": "",
                        "ValidationMessage": "",
                        "Width": "auto"
                      },
                      {
                        "Align": "left",
                        "AllowEdit": false,
                        "FieldName": "declarant",
                        "FormatOptions": {
                          "FormatString": "full",
                          "renderer": "STRING"
                        },
                        "Title": "declarant",
                        "ValidationExpression": "",
                        "ValidationMessage": "",
                        "Width": "auto"
                      },
                      {
                        "Align": "left",
                        "AllowEdit": false,
                        "FieldName": "verification_deadline",
                        "FormatOptions": {
                          "FormatString": "full",
                          "renderer": "STRING"
                        },
                        "Title": "verification_deadline",
                        "ValidationExpression": "",
                        "ValidationMessage": "",
                        "Width": "auto"
                      },
                      {
                        "Align": "left",
                        "AllowEdit": false,
                        "FieldName": "verification_statement",
                        "FormatOptions": {
                          "FormatString": "raw",
                          "renderer": "HTML"
                        },
                        "Title": "verification_statement",
                        "ValidationExpression": "",
                        "ValidationMessage": "",
                        "Width": "auto"
                      },
                      {
                        "Align": "left",
                        "AllowEdit": false,
                        "FieldName": "verification_statement_value",
                        "FormatOptions": {
                          "FormatString": "full",
                          "renderer": "STRING"
                        },
                        "Title": "verification_statement_value",
                        "ValidationExpression": "",
                        "ValidationMessage": "",
                        "Width": "auto"
                      },
                      {
                        "Align": "left",
                        "AllowEdit": false,
                        "FieldName": "task_status",
                        "FormatOptions": {
                          "FormatString": "full",
                          "renderer": "STRING"
                        },
                        "Title": "task_status",
                        "ValidationExpression": "",
                        "ValidationMessage": "",
                        "Width": "auto"
                      },
                      {
                        "Align": "left",
                        "AllowEdit": false,
                        "FieldName": "has_feedback",
                        "FormatOptions": {
                          "FormatString": "checkbox",
                          "renderer": "BOOLEAN"
                        },
                        "Title": "has_feedback",
                        "ValidationExpression": "",
                        "ValidationMessage": "",
                        "Width": "auto"
                      },
                      {
                        "Align": "left",
                        "AllowEdit": false,
                        "FieldName": "is_verified",
                        "FormatOptions": {
                          "FormatString": "checkbox",
                          "renderer": "BOOLEAN"
                        },
                        "Title": "is_verified",
                        "ValidationExpression": "",
                        "ValidationMessage": "",
                        "Width": "auto"
                      },
                      {
                        "Align": "left",
                        "AllowEdit": false,
                        "FieldName": "comment",
                        "FormatOptions": {
                          "FormatString": "full",
                          "renderer": "STRING"
                        },
                        "Title": "comment",
                        "ValidationExpression": "",
                        "ValidationMessage": "",
                        "Width": "auto"
                      },
                      {
                        "Align": "left",
                        "AllowEdit": false,
                        "FieldName": "text_result",
                        "FormatOptions": {
                          "FormatString": "full",
                          "renderer": "STRING"
                        },
                        "Title": "text_result",
                        "ValidationExpression": "",
                        "ValidationMessage": "",
                        "Width": "auto"
                      },
                      {
                        "Align": "left",
                        "AllowEdit": false,
                        "FieldName": "file_name",
                        "FormatOptions": {
                          "FormatString": "full",
                          "renderer": "STRING"
                        },
                        "Title": "file_name",
                        "ValidationExpression": "",
                        "ValidationMessage": "",
                        "Width": "auto"
                      },
                      {
                        "Align": "left",
                        "AllowEdit": false,
                        "FieldName": "file_content",
                        "FormatOptions": {
                          "renderer": "DEFAULT"
                        },
                        "Title": "file_content",
                        "ValidationExpression": "",
                        "ValidationMessage": "",
                        "Width": "auto"
                      },
                      {
                        "Align": "left",
                        "AllowEdit": false,
                        "FieldName": "test_labs",
                        "FormatOptions": {
                          "FormatString": "raw",
                          "renderer": "HTML"
                        },
                        "Title": "test_labs",
                        "ValidationExpression": "",
                        "ValidationMessage": "",
                        "Width": "auto"
                      },
                      {
                        "Align": "left",
                        "AllowEdit": false,
                        "FieldName": "test_data_to_be_reported",
                        "FormatOptions": {
                          "FormatString": "full",
                          "renderer": "STRING"
                        },
                        "Title": "test_data_to_be_reported",
                        "ValidationExpression": "",
                        "ValidationMessage": "",
                        "Width": "auto"
                      },
                      {
                        "Align": "left",
                        "AllowEdit": false,
                        "FieldName": "batch_number",
                        "FormatOptions": {
                          "FormatString": "raw",
                          "renderer": "HTML"
                        },
                        "Title": "batch_number",
                        "ValidationExpression": "",
                        "ValidationMessage": "",
                        "Width": "auto"
                      },
                      {
                        "Align": "left",
                        "AllowEdit": false,
                        "FieldName": "material_description",
                        "FormatOptions": {
                          "FormatString": "raw",
                          "renderer": "HTML"
                        },
                        "Title": "material_description",
                        "ValidationExpression": "",
                        "ValidationMessage": "",
                        "Width": "auto"
                      },
                      {
                        "Align": "left",
                        "AllowEdit": false,
                        "FieldName": "material_identification_code",
                        "FormatOptions": {
                          "FormatString": "raw",
                          "renderer": "HTML"
                        },
                        "Title": "material_identification_code",
                        "ValidationExpression": "",
                        "ValidationMessage": "",
                        "Width": "auto"
                      },
                      {
                        "Align": "left",
                        "AllowEdit": false,
                        "FieldName": "sample_description",
                        "FormatOptions": {
                          "FormatString": "raw",
                          "renderer": "HTML"
                        },
                        "Title": "sample_description",
                        "ValidationExpression": "",
                        "ValidationMessage": "",
                        "Width": "auto"
                      },
                      {
                        "Align": "left",
                        "AllowEdit": false,
                        "FieldName": "requestor",
                        "FormatOptions": {
                          "FormatString": "full",
                          "renderer": "STRING"
                        },
                        "Title": "requestor",
                        "ValidationExpression": "",
                        "ValidationMessage": "",
                        "Width": "auto"
                      },
                      {
                        "Align": "left",
                        "AllowEdit": false,
                        "FieldName": "additional_information",
                        "FormatOptions": {
                          "FormatString": "raw",
                          "renderer": "HTML"
                        },
                        "Title": "additional_information",
                        "ValidationExpression": "",
                        "ValidationMessage": "",
                        "Width": "auto"
                      },
                      {
                        "Align": "left",
                        "AllowEdit": false,
                        "FieldName": "result",
                        "FormatOptions": {
                          "FormatString": "raw",
                          "renderer": "HTML"
                        },
                        "Title": "result",
                        "ValidationExpression": "",
                        "ValidationMessage": "",
                        "Width": "auto"
                      },
                      {
                        "Align": "left",
                        "AllowEdit": false,
                        "FieldName": "action",
                        "FormatOptions": {
                          "FormatString": "raw",
                          "renderer": "HTML"
                        },
                        "Title": "action",
                        "ValidationExpression": "",
                        "ValidationMessage": "",
                        "Width": "auto"
                      },
                      {
                        "Align": "left",
                        "AllowEdit": false,
                        "FieldName": "date",
                        "FormatOptions": {
                          "FormatString": "full",
                          "renderer": "STRING"
                        },
                        "Title": "date",
                        "ValidationExpression": "",
                        "ValidationMessage": "",
                        "Width": "auto"
                      },
                      {
                        "Align": "left",
                        "AllowEdit": false,
                        "FieldName": "value",
                        "FormatOptions": {
                          "FormatString": "full",
                          "renderer": "STRING"
                        },
                        "Title": "value",
                        "ValidationExpression": "",
                        "ValidationMessage": "",
                        "Width": "auto"
                      },
                      {
                        "Align": "left",
                        "AllowEdit": false,
                        "FieldName": "delegation_mashup_name",
                        "FormatOptions": {
                          "FormatString": "full",
                          "renderer": "STRING"
                        },
                        "Title": "delegation_mashup_name",
                        "ValidationExpression": "",
                        "ValidationMessage": "",
                        "Width": "auto"
                      },
                      {
                        "Align": "left",
                        "AllowEdit": false,
                        "FieldName": "test_method",
                        "FormatOptions": {
                          "FormatString": "full",
                          "renderer": "STRING"
                        },
                        "Title": "test_method",
                        "ValidationExpression": "",
                        "ValidationMessage": "",
                        "Width": "auto"
                      },
                      {
                        "Align": "left",
                        "AllowEdit": false,
                        "FieldName": "unique_id",
                        "FormatOptions": {
                          "FormatString": "full",
                          "renderer": "STRING"
                        },
                        "Title": "unique_id",
                        "ValidationExpression": "",
                        "ValidationMessage": "",
                        "Width": "auto"
                      },
                      {
                        "Align": "left",
                        "AllowEdit": false,
                        "FieldName": "certification_method",
                        "FormatOptions": {
                          "FormatString": "full",
                          "renderer": "STRING"
                        },
                        "Title": "certification_method",
                        "ValidationExpression": "",
                        "ValidationMessage": "",
                        "Width": "auto"
                      },
                      {
                        "Align": "left",
                        "AllowEdit": false,
                        "FieldName": "certifier",
                        "FormatOptions": {
                          "FormatString": "raw",
                          "renderer": "HTML"
                        },
                        "Title": "certifier",
                        "ValidationExpression": "",
                        "ValidationMessage": "",
                        "Width": "auto"
                      },
                      {
                        "Align": "left",
                        "AllowEdit": false,
                        "FieldName": "certificate_id",
                        "FormatOptions": {
                          "FormatString": "full",
                          "renderer": "STRING"
                        },
                        "Title": "certificate_id",
                        "ValidationExpression": "",
                        "ValidationMessage": "",
                        "Width": "auto"
                      },
                      {
                        "Align": "left",
                        "AllowEdit": false,
                        "FieldName": "trade_good_name",
                        "FormatOptions": {
                          "FormatString": "full",
                          "renderer": "STRING"
                        },
                        "Title": "trade_good_name",
                        "ValidationExpression": "",
                        "ValidationMessage": "",
                        "Width": "auto"
                      },
                      {
                        "Align": "left",
                        "AllowEdit": false,
                        "FieldName": "trade_good_type",
                        "FormatOptions": {
                          "FormatString": "full",
                          "renderer": "STRING"
                        },
                        "Title": "trade_good_type",
                        "ValidationExpression": "",
                        "ValidationMessage": "",
                        "Width": "auto"
                      },
                      {
                        "Align": "left",
                        "AllowEdit": false,
                        "FieldName": "trade_good_id",
                        "FormatOptions": {
                          "FormatString": "full",
                          "renderer": "STRING"
                        },
                        "Title": "trade_good_id",
                        "ValidationExpression": "",
                        "ValidationMessage": "",
                        "Width": "auto"
                      },
                      {
                        "Align": "left",
                        "AllowEdit": false,
                        "FieldName": "SendRequestMashupName",
                        "FormatOptions": {
                          "FormatString": "full",
                          "renderer": "STRING"
                        },
                        "Title": "SendRequestMashupName",
                        "ValidationExpression": "",
                        "ValidationMessage": "",
                        "Width": "auto"
                      },
                      {
                        "Align": "left",
                        "AllowEdit": false,
                        "FieldName": "compliant_in_production",
                        "FormatOptions": {
                          "FormatString": "[[dateTimeFormat_Default]]",
                          "renderer": "DATETIME"
                        },
                        "Title": "compliant_in_production",
                        "ValidationExpression": "",
                        "ValidationMessage": "",
                        "Width": "auto"
                      },
                      {
                        "Align": "left",
                        "AllowEdit": false,
                        "FieldName": "compliant_in_production_string",
                        "FormatOptions": {
                          "FormatString": "full",
                          "renderer": "STRING"
                        },
                        "Title": "compliant_in_production_string",
                        "ValidationExpression": "",
                        "ValidationMessage": "",
                        "Width": "auto"
                      },
                      {
                        "Align": "left",
                        "AllowEdit": false,
                        "FieldName": "applies_to_name_html",
                        "FormatOptions": {
                          "FormatString": "raw",
                          "renderer": "HTML"
                        },
                        "Title": "applies_to_name_html",
                        "ValidationExpression": "",
                        "ValidationMessage": "",
                        "Width": "auto"
                      },
                      {
                        "Align": "left",
                        "AllowEdit": false,
                        "FieldName": "supply_object_id",
                        "FormatOptions": {
                          "FormatString": "full",
                          "renderer": "STRING"
                        },
                        "Title": "supply_object_id",
                        "ValidationExpression": "",
                        "ValidationMessage": "",
                        "Width": "auto"
                      },
                      {
                        "Align": "left",
                        "AllowEdit": false,
                        "FieldName": "verification_type",
                        "FormatOptions": {
                          "FormatString": "full",
                          "renderer": "STRING"
                        },
                        "Title": "verification_type",
                        "ValidationExpression": "",
                        "ValidationMessage": "",
                        "Width": "auto"
                      },
                      {
                        "Align": "left",
                        "AllowEdit": false,
                        "FieldName": "requirement_description",
                        "FormatOptions": {
                          "FormatString": "raw",
                          "renderer": "HTML"
                        },
                        "Title": "requirement_description",
                        "ValidationExpression": "",
                        "ValidationMessage": "",
                        "Width": "auto"
                      },
                      {
                        "Align": "left",
                        "AllowEdit": false,
                        "FieldName": "connected_article",
                        "FormatOptions": {
                          "FormatString": "raw",
                          "renderer": "HTML"
                        },
                        "Title": "connected_article",
                        "ValidationExpression": "",
                        "ValidationMessage": "",
                        "Width": "auto"
                      },
                      {
                        "Align": "left",
                        "AllowEdit": false,
                        "FieldName": "connected_part",
                        "FormatOptions": {
                          "FormatString": "raw",
                          "renderer": "HTML"
                        },
                        "Title": "connected_part",
                        "ValidationExpression": "",
                        "ValidationMessage": "",
                        "Width": "auto"
                      },
                      {
                        "Align": "left",
                        "AllowEdit": false,
                        "FieldName": "connected_article_count",
                        "FormatOptions": {
                          "FormatString": "raw",
                          "renderer": "HTML"
                        },
                        "Title": "connected_article_count",
                        "ValidationExpression": "",
                        "ValidationMessage": "",
                        "Width": "auto"
                      }
                    ]
                  },
                  "Configuration": "",
                  "ConfigurationId": 0,
                  "CookiePersistence": true,
                  "DataOverflow": "clipped",
                  "DataServiceBindingDef": {
                    "dataName": "Things_TestKendoGrid.Thing",
                    "entityName": "TestKendoGrid.Thing",
                    "entityType": "Things",
                    "sourceId": "getData",
                    "target": "getData"
                  },
                  "DefaultSelectedRows": "",
                  "DisplayName": "gridadvanced-6",
                  "DisplayOnlyMode": false,
                  "EditButtonsLocation": "top-right",
                  "EnableAddDeleteButtons": false,
                  "EnableCallbackOnSelectedRowsChange": true,
                  "EnableContextMenu": true,
                  "EnableEditButtons": false,
                  "EnableFilterEventOnConfigChange": true,
                  "EnableFooter": false,
                  "EnableGridReset": false,
                  "EnableGridSearch": false,
                  "EnableKeyboardNavigation": true,
                  "EnableSorting": false,
                  "FocusStyle": "DefaultFocusStyle",
                  "GridResetButtonLocation": "top-right",
                  "GridSearchLocation": "top-left",
                  "HeaderOverflow": "tooltip",
                  "Height": 200,
                  "IDFieldName": "id",
                  "Id": "gridadvanced-6",
                  "IsEditable": false,
                  "LastContainer": false,
                  "Left": 112.01171875,
                  "MaxHeaderHeight": 100,
                  "MinRowHeight": 30,
                  "ResponsiveLayout": true,
                  "RowAlternateBackgroundStyle": "DefaultGridAdvancedRowAlternateBackgroundStyle",
                  "RowBackgroundStyle": "DefaultGridAdvancedRowBackgroundStyle",
                  "RowBorderStyle": "DefaultGridAdvancedRowBorderStyle",
                  "RowFormat_StateParameters": [],
                  "RowHoverStyle": "DefaultGridAdvancedRowHoverStyle",
                  "RowSelectedStyle": "DefaultGridAdvancedRowSelectedStyle",
                  "RowSelection": "none",
                  "SelectedRows": "",
                  "ShowDataLoading": true,
                  "SortAscendingStyle": "DefaultSortAscendingStyle",
                  "SortDescendingStyle": "DefaultSortDescendingStyle",
                  "TableFooterStyle": "DefaultGridAdvancedFooterStyle",
                  "TableHeaderStyle": "DefaultGridAdvancedHeaderStyle",
                  "TableWrapperStyle": "DefaultGridAdvancedWrapperStyle",
                  "ToolbarStyle": "DefaultToolbarStyle",
                  "TooltipStyle": "DefaultTooltipStyle",
                  "Top": 105.76171875,
                  "Type": "gridadvanced",
                  "UseTheme": false,
                  "Visible": true,
                  "Width": 400,
                  "Z-index": 10,
                  "__TypeDisplayName": "Grid Advanced"
                },
                "Widgets": []
              }
            ]
          },
          {
            "Properties": {
              "Area": "UI",
              "DisplayName": "container-4",
              "EnableExpandCollapse": false,
              "ExpandCollapseTabLocation": "inside",
              "Expanded": true,
              "Id": "flexcontainer-4",
              "LastContainer": false,
              "Overlay": false,
              "ResponsiveLayout": false,
              "ShowDataLoading": true,
              "ShowExpandCollapseTab": false,
              "SourceURL": "",
              "Style": "DefaultContainerStyle",
              "StyleProperties": {},
              "Type": "flexcontainer",
              "UseTheme": true,
              "Visible": true,
              "Z-index": 10,
              "__TypeDisplayName": "Responsive Container",
              "align-content": "flex-start",
              "align-items": "flex-start",
              "flex-basis": "auto",
              "flex-direction": "row",
              "flex-grow": 1,
              "flex-max-height": "",
              "flex-max-width": "",
              "flex-min-height": "",
              "flex-min-width": "",
              "flex-shrink": 1,
              "flex-size": "default",
              "flex-wrap": "nowrap",
              "iconClass": "widgets-flexcontainer",
              "isLocked": false,
              "justify-content": "flex-start",
              "positioning": "responsive",
              "userCannotRemove": false
            },
            "Widgets": [
              {
                "Properties": {
                  "Area": "UI",
                  "CellClickedRow": "Cell clicked row data",
                  "CellEllipsisFormat": "readMore",
                  "Data": "Grid data",
                  "DisplayName": "kendouigrid-3",
                  "EnableFullTextSearch": true,
                  "FilteredData": "Filtered data",
                  "Id": "kendouigrid-3",
                  "LastContainer": false,
                  "Left": 164.00390625,
                  "ResponsiveLayout": true,
                  "SelectedRows": "Selected rows",
                  "Selection": "none",
                  "ShowDataLoading": true,
                  "SortAndFilter": "headerFilter",
                  "SortedData": "Reordered data",
                  "TextThreshold": 0,
                  "Theme": "default",
                  "Top": 100.76171875,
                  "Type": "kendouigrid",
                  "UpdatedData": "Updated data",
                  "UseCookies": true,
                  "Visible": true,
                  "Z-index": 10,
                  "__TypeDisplayName": "KendoUIGrid",
                  "fieldID": "unique_id"
                },
                "Widgets": []
              }
            ]
          }
        ]
      }
    ]
  },
  "mashupType": "mashup"
}]]>
            </mashupContent>
            <preview></preview>
        </Mashup>
    </Mashups>
</Entities>
