<?xml version="1.0" encoding="UTF-8"?>
<Entities
 universal="password">
    <Mashups>
        <Mashup
         aspect.isFlex="true"
         aspect.isResponsive="true"
         aspect.mashupType="mashup"
         columns="0.0"
         description=""
         documentationContent=""
         homeMashup=""
         name="TestMashupForScrollBar"
         projectName="GitTest"
         rows="0.0"
         tags="">
            <avatar></avatar>
            <DesignTimePermissions>
                <Create></Create>
                <Read></Read>
                <Update></Update>
                <Delete></Delete>
                <Metadata></Metadata>
            </DesignTimePermissions>
            <RunTimePermissions></RunTimePermissions>
            <VisibilityPermissions>
                <Visibility></Visibility>
            </VisibilityPermissions>
            <ConfigurationTableDefinitions></ConfigurationTableDefinitions>
            <ConfigurationTables>
                <ConfigurationTable
                 dataShapeName=""
                 description="Mashup Mobile Settings"
                 isHidden="true"
                 isMultiRow="false"
                 name="MobileSettings"
                 ordinal="0">
                    <DataShape>
                        <FieldDefinitions>
                            <FieldDefinition
                             aspect.defaultValue="false"
                             aspect.friendlyName="Disable Zoom"
                             baseType="BOOLEAN"
                             description="Disables zooming in and out within the mashup"
                             name="disableZoom"
                             ordinal="0"></FieldDefinition>
                            <FieldDefinition
                             aspect.defaultValue="true"
                             aspect.friendlyName="Full Screen Mode"
                             baseType="BOOLEAN"
                             description="Open the mashup in full screen mode"
                             name="fullScreenMode"
                             ordinal="0"></FieldDefinition>
                            <FieldDefinition
                             aspect.friendlyName="Height"
                             baseType="STRING"
                             description="The height of the mashup page"
                             name="height"
                             ordinal="0"></FieldDefinition>
                            <FieldDefinition
                             aspect.defaultValue="device-height"
                             aspect.friendlyName="Height Type"
                             baseType="STRING"
                             description="Use the height of the device display, or a custom height (in px)"
                             name="heightType"
                             ordinal="0"></FieldDefinition>
                            <FieldDefinition
                             aspect.defaultValue="1.0"
                             aspect.friendlyName="Initial Scale"
                             baseType="NUMBER"
                             description="The initial zoom scale when the mashup is loaded for the first time"
                             name="initialScale"
                             ordinal="0"></FieldDefinition>
                            <FieldDefinition
                             aspect.friendlyName="Shortcut Icon Title"
                             baseType="STRING"
                             description="A title for the mashup shortcut on the iOS home screen"
                             name="iosShortcutIconTitle"
                             ordinal="0"></FieldDefinition>
                            <FieldDefinition
                             aspect.defaultValue="black-translucent"
                             aspect.friendlyName="Status Bar Appearance"
                             baseType="STRING"
                             description="The style of the iOS status bar"
                             name="iosStatusBarAppearance"
                             ordinal="0"></FieldDefinition>
                            <FieldDefinition
                             aspect.defaultValue="10.0"
                             aspect.friendlyName="Maximum Scale"
                             baseType="NUMBER"
                             description="The maximum scale that users can zoom out to"
                             name="maximumScale"
                             ordinal="0"></FieldDefinition>
                            <FieldDefinition
                             aspect.defaultValue="0.1"
                             aspect.friendlyName="Minimum Scale"
                             baseType="NUMBER"
                             description="The minimum scale that users can zoom out to"
                             name="minimumScale"
                             ordinal="0"></FieldDefinition>
                            <FieldDefinition
                             aspect.friendlyName="Width"
                             baseType="STRING"
                             description="The width of the mashup page"
                             name="width"
                             ordinal="0"></FieldDefinition>
                            <FieldDefinition
                             aspect.defaultValue="device-width"
                             aspect.friendlyName="Width Type"
                             baseType="STRING"
                             description="Use the width of the device display, or a custom width (in px)"
                             name="widthType"
                             ordinal="0"></FieldDefinition>
                        </FieldDefinitions>
                    </DataShape>
                    <Rows>
                        <Row>
                            <disableZoom>false</disableZoom>
                            <fullScreenMode>true</fullScreenMode>
                            <height>
                            <![CDATA[
                            device-height
                            ]]>
                            </height>
                            <heightType>
                            <![CDATA[
                            device-height
                            ]]>
                            </heightType>
                            <initialScale>1.0</initialScale>
                            <iosShortcutIconTitle></iosShortcutIconTitle>
                            <iosStatusBarAppearance>
                            <![CDATA[
                            black-translucent
                            ]]>
                            </iosStatusBarAppearance>
                            <maximumScale>10.0</maximumScale>
                            <minimumScale>0.1</minimumScale>
                            <width>
                            <![CDATA[
                            device-width
                            ]]>
                            </width>
                            <widthType>
                            <![CDATA[
                            device-width
                            ]]>
                            </widthType>
                        </Row>
                    </Rows>
                </ConfigurationTable>
            </ConfigurationTables>
            <ParameterDefinitions></ParameterDefinitions>
            <Things></Things>
            <ThingShapes></ThingShapes>
            <ThingTemplates></ThingTemplates>
            <mashupContent>
            <![CDATA[{
  "CustomMashupCss": "",
  "Data": {
    "Session": {
      "DataName": "Session",
      "EntityName": "",
      "EntityType": "Session",
      "Id": "session",
      "Services": [
        {
          "APIMethod": "post",
          "Characteristic": "Services",
          "Id": "SessionInterface",
          "Name": "GetGlobalSessionValues",
          "Parameters": {},
          "RefreshInterval": 0,
          "Target": "GetGlobalSessionValues"
        }
      ]
    },
    "UserExtensions": {
      "DataName": "UserExtensions",
      "EntityName": "",
      "EntityType": "UserExtensions",
      "Id": "UserExtensions",
      "Services": [
        {
          "APIMethod": "post",
          "Characteristic": "Services",
          "Id": "UserExtensionInterface",
          "Name": "GetCurrentUserExtensionProperties",
          "Parameters": {},
          "RefreshInterval": 0,
          "Target": "GetCurrentUserExtensionProperties"
        }
      ]
    }
  },
  "DataBindings": [
    {
      "Id": "5189489852979492",
      "PropertyMaps": [
        {
          "SourceProperty": "IsGreaterThanZero",
          "SourcePropertyBaseType": "BOOLEAN",
          "SourcePropertyType": "property",
          "TargetProperty": "Visible",
          "TargetPropertyBaseType": "BOOLEAN",
          "TargetPropertyType": "property"
        }
      ],
      "SourceArea": "UI",
      "SourceId": "infotablerowcount-45",
      "SourceSection": "",
      "TargetArea": "UI",
      "TargetId": "treegridadvanced-47",
      "TargetSection": ""
    }
  ],
  "DesignTimePermissions": {},
  "Events": [],
  "Reminders": [],
  "RunTimePermissions": {},
  "UI": {
    "Properties": {
      "AddToDashboardButton": "SimplePlus",
      "AddToDashboardButtonStyle": "DefaultAddToDashboardButtonStyle",
      "Area": "Mashup",
      "BGImage": "",
      "BGImageRepeat": "no-repeat",
      "BGImageSize": "auto",
      "Columns": 0,
      "ConfigureGadgetButton": "SimpleGear",
      "ConfigureGadgetButtonStyle": "DefaultConfigureGadgetButtonStyle",
      "DisplayName": "Mashup",
      "EnableParameterEditing": false,
      "Height": 618,
      "Id": "mashup-root",
      "IgnoreWarningsInViewMashup": false,
      "IsPrintLayout": false,
      "Left": 0,
      "Margin": "5",
      "MashupToEditGadget": "DefaultMashupToEditGadget",
      "MinHeight": 0,
      "MinWidth": 0,
      "ResponsiveLayout": true,
      "Rows": 0,
      "ShowDataLoading": true,
      "Style": "DefaultMashupStyle",
      "StyleProperties": {
        "data": {
          "flexcontainer-19": {
            "parts": {
              "$": {
                "$": {
                  "background": "#ffffff",
                  "border-color": "inherit",
                  "border-radius": "initial",
                  "border-style": "none",
                  "border-width": "0px",
                  "padding-bottom": "",
                  "padding-left": "",
                  "padding-right": "",
                  "padding-top": ""
                }
              }
            },
            "widget": "flex-container"
          },
          "flexcontainer-2": {
            "parts": {
              "$": {
                "$": {
                  "background": "#ffffff",
                  "border-color": "inherit",
                  "border-radius": "initial",
                  "border-style": "none",
                  "border-width": "0px",
                  "padding-bottom": "",
                  "padding-left": "",
                  "padding-right": "",
                  "padding-top": ""
                }
              }
            },
            "widget": "flex-container"
          },
          "flexcontainer-20": {
            "parts": {
              "$": {
                "$": {
                  "background": "#ffffff",
                  "border-color": "inherit",
                  "border-radius": "initial",
                  "border-style": "none",
                  "border-width": "0px",
                  "padding-bottom": "",
                  "padding-left": "",
                  "padding-right": "",
                  "padding-top": ""
                }
              }
            },
            "widget": "flex-container"
          },
          "flexcontainer-37": {
            "parts": {
              "$": {
                "$": {
                  "background": "#ffffff",
                  "border-color": "inherit",
                  "border-radius": "initial",
                  "border-style": "none",
                  "border-width": "0px",
                  "padding-bottom": "",
                  "padding-left": "",
                  "padding-right": "",
                  "padding-top": ""
                }
              }
            },
            "widget": "flex-container"
          },
          "flexcontainer-38": {
            "parts": {
              "$": {
                "$": {
                  "background": "#ffffff",
                  "border-color": "inherit",
                  "border-radius": "initial",
                  "border-style": "none",
                  "border-width": "0px",
                  "padding-bottom": "",
                  "padding-left": "",
                  "padding-right": "",
                  "padding-top": ""
                }
              }
            },
            "widget": "flex-container"
          }
        },
        "meta": {
          "type": "WidgetStyler",
          "version": "1.0"
        }
      },
      "StyleTheme": "PTC Convergence Theme",
      "Title": "",
      "TitleBar": false,
      "TitleBarStyle": "DefaultTitleBarStyle",
      "TitleBarText": "Gadget Title Here",
      "Top": 0,
      "Type": "mashup",
      "UseMasterTheme": false,
      "UseTheme": false,
      "UseThemeForHybrids": false,
      "Visible": true,
      "Width": 1024,
      "Z-index": 10,
      "__TypeDisplayName": "Mashup",
      "id_index": 52,
      "supportsAutoResize": true
    },
    "Widgets": [
      {
        "Properties": {
          "Area": "UI",
          "CollapseTabIcon": "",
          "DisplayName": "container-2",
          "EnableContainerUnload": false,
          "EnableExpandCollapse": false,
          "ExpandCollapseTabLocation": "inside",
          "ExpandTabIcon": "",
          "Expanded": true,
          "Id": "flexcontainer-2",
          "LastContainer": true,
          "LazyLoading": false,
          "Left": 0,
          "Margin": "",
          "Overlay": false,
          "ResponsiveLayout": true,
          "Scrolling": "auto-scroll",
          "ShowDataLoading": true,
          "ShowExpandCollapseTab": false,
          "SourceURL": "",
          "Style": "DefaultContainerStyle",
          "StyleProperties": {},
          "Top": 0,
          "Type": "flexcontainer",
          "UseTheme": true,
          "Visible": true,
          "Z-index": 10,
          "__TypeDisplayName": "Responsive Container",
          "align-content": "flex-start",
          "align-items": "flex-start",
          "flex-basis": "auto",
          "flex-direction": "column",
          "flex-grow": 1,
          "flex-max-height": "",
          "flex-max-width": "",
          "flex-min-height": "",
          "flex-min-width": "",
          "flex-shrink": 1,
          "flex-size": "default",
          "flex-wrap": "nowrap",
          "iconClass": "widgets-flexcontainer",
          "isLocked": false,
          "justify-content": "flex-start",
          "positioning": "responsive",
          "scrolling": "noscroll",
          "userCannotRemove": true
        },
        "Widgets": [
          {
            "Properties": {
              "Area": "UI",
              "DisplayName": "container-51",
              "EnableExpandCollapse": false,
              "ExpandCollapseTabLocation": "inside",
              "Expanded": true,
              "Id": "flexcontainer-51",
              "LastContainer": false,
              "Overlay": false,
              "ResponsiveLayout": false,
              "ShowDataLoading": true,
              "ShowExpandCollapseTab": false,
              "SourceURL": "",
              "Style": "DefaultContainerStyle",
              "StyleProperties": {},
              "Type": "flexcontainer",
              "UseTheme": true,
              "Visible": true,
              "Z-index": 10,
              "__TypeDisplayName": "Responsive Container",
              "align-content": "flex-start",
              "align-items": "flex-start",
              "flex-basis": "auto",
              "flex-direction": "row",
              "flex-grow": 1,
              "flex-max-height": "13px",
              "flex-max-width": "",
              "flex-min-height": "13px",
              "flex-min-width": "",
              "flex-shrink": 1,
              "flex-size": "fixed",
              "flex-wrap": "nowrap",
              "iconClass": "widgets-flexcontainer-fixed",
              "isLocked": false,
              "justify-content": "flex-start",
              "positioning": "responsive",
              "userCannotRemove": false
            },
            "Widgets": []
          },
          {
            "Properties": {
              "Area": "UI",
              "CollapseTabIcon": "",
              "DisplayName": "container-50",
              "EnableContainerUnload": false,
              "EnableExpandCollapse": false,
              "ExpandCollapseTabLocation": "inside",
              "ExpandTabIcon": "",
              "Expanded": true,
              "Id": "flexcontainer-50",
              "LastContainer": true,
              "LazyLoading": false,
              "Left": 0,
              "Margin": "",
              "Overlay": false,
              "ResponsiveLayout": false,
              "Scrolling": "auto-scroll",
              "ShowDataLoading": true,
              "ShowExpandCollapseTab": false,
              "SourceURL": "",
              "Style": "DefaultContainerStyle",
              "StyleProperties": {},
              "Top": 0,
              "Type": "flexcontainer",
              "UseTheme": true,
              "Visible": true,
              "Z-index": 10,
              "__TypeDisplayName": "Responsive Container",
              "align-content": "flex-start",
              "align-items": "flex-start",
              "flex-basis": "auto",
              "flex-direction": "row",
              "flex-grow": 1,
              "flex-max-height": "",
              "flex-max-width": "",
              "flex-min-height": "",
              "flex-min-width": "",
              "flex-shrink": 1,
              "flex-size": "default",
              "flex-wrap": "nowrap",
              "iconClass": "widgets-flexcontainer",
              "isLocked": true,
              "justify-content": "flex-start",
              "positioning": "responsive",
              "scrolling": "noscroll",
              "userCannotRemove": false
            },
            "Widgets": [
              {
                "Properties": {
                  "Area": "UI",
                  "DisplayName": "container-40",
                  "EnableExpandCollapse": false,
                  "ExpandCollapseTabLocation": "inside",
                  "Expanded": true,
                  "Id": "flexcontainer-40",
                  "LastContainer": false,
                  "Overlay": false,
                  "ResponsiveLayout": false,
                  "ShowDataLoading": true,
                  "ShowExpandCollapseTab": false,
                  "SourceURL": "",
                  "Style": "DefaultContainerStyle",
                  "StyleProperties": {},
                  "Type": "flexcontainer",
                  "UseTheme": true,
                  "Visible": true,
                  "Z-index": 10,
                  "__TypeDisplayName": "Responsive Container",
                  "align-content": "flex-start",
                  "align-items": "flex-start",
                  "flex-basis": "auto",
                  "flex-direction": "column",
                  "flex-grow": 1,
                  "flex-max-height": "",
                  "flex-max-width": "300px",
                  "flex-min-height": "",
                  "flex-min-width": "300px",
                  "flex-shrink": 1,
                  "flex-size": "fixed",
                  "flex-wrap": "nowrap",
                  "iconClass": "widgets-flexcontainer-fixed",
                  "isLocked": false,
                  "justify-content": "flex-start",
                  "positioning": "responsive",
                  "scrolling": "noscroll",
                  "userCannotRemove": false
                },
                "Widgets": [
                  {
                    "Properties": {
                      "Area": "UI",
                      "DisplayName": "container-42",
                      "EnableExpandCollapse": false,
                      "ExpandCollapseTabLocation": "inside",
                      "Expanded": true,
                      "Id": "flexcontainer-42",
                      "LastContainer": false,
                      "Overlay": false,
                      "ResponsiveLayout": false,
                      "ShowDataLoading": true,
                      "ShowExpandCollapseTab": false,
                      "SourceURL": "",
                      "Style": "DefaultContainerStyle",
                      "StyleProperties": {},
                      "Type": "flexcontainer",
                      "UseTheme": true,
                      "Visible": true,
                      "Z-index": 10,
                      "__TypeDisplayName": "Responsive Container",
                      "align-content": "flex-start",
                      "align-items": "flex-start",
                      "flex-basis": "auto",
                      "flex-direction": "row",
                      "flex-grow": 1,
                      "flex-max-height": "41px",
                      "flex-max-width": "",
                      "flex-min-height": "41px",
                      "flex-min-width": "",
                      "flex-shrink": 1,
                      "flex-size": "fixed",
                      "flex-wrap": "nowrap",
                      "iconClass": "widgets-flexcontainer-fixed",
                      "isLocked": false,
                      "justify-content": "flex-start",
                      "positioning": "responsive",
                      "userCannotRemove": false
                    },
                    "Widgets": [
                      {
                        "Properties": {
                          "Area": "UI",
                          "DisclosureControl": "show-more",
                          "DisplayName": "ptcs-label-43",
                          "HorizontalAlignment": "left",
                          "Id": "ptcslabel-43",
                          "LabelText": "Label",
                          "LabelType": "label",
                          "LastContainer": false,
                          "Left": 99.02777099609375,
                          "Margin": "5",
                          "MultiLine": true,
                          "PreserveWhiteSpace": false,
                          "ResponsiveLayout": false,
                          "ShowDataLoading": true,
                          "Top": 65.57291412353516,
                          "Type": "ptcslabel",
                          "UseTheme": true,
                          "VerticalAlignment": "flex-start",
                          "Visible": true,
                          "Z-index": 10,
                          "__TypeDisplayName": "Label",
                          "overflowShowLessTxt": "[[showLess]]",
                          "overflowShowMoreTxt": "[[showMore]]"
                        },
                        "Widgets": []
                      },
                      {
                        "Properties": {
                          "Area": "UI",
                          "DisplayName": "infotablerowcount-45",
                          "Id": "infotablerowcount-45",
                          "LastContainer": false,
                          "Left": 114.02777099609375,
                          "Margin": "5",
                          "ResponsiveLayout": false,
                          "ShowDataLoading": true,
                          "Top": 15.572914123535156,
                          "Type": "infotable_row_count",
                          "Visible": true,
                          "Z-index": 10,
                          "__TypeDisplayName": "Infotable Row Count"
                        },
                        "Widgets": []
                      }
                    ]
                  },
                  {
                    "Properties": {
                      "Area": "UI",
                      "DisplayName": "container-41",
                      "EnableExpandCollapse": false,
                      "ExpandCollapseTabLocation": "inside",
                      "Expanded": true,
                      "Id": "flexcontainer-41",
                      "LastContainer": true,
                      "Overlay": false,
                      "ResponsiveLayout": false,
                      "ShowDataLoading": true,
                      "ShowExpandCollapseTab": false,
                      "SourceURL": "",
                      "Style": "DefaultContainerStyle",
                      "StyleProperties": {},
                      "Type": "flexcontainer",
                      "UseTheme": true,
                      "Visible": true,
                      "Z-index": 10,
                      "__TypeDisplayName": "Responsive Container",
                      "align-content": "flex-start",
                      "align-items": "flex-start",
                      "flex-basis": "auto",
                      "flex-direction": "row",
                      "flex-grow": 1,
                      "flex-max-height": "",
                      "flex-max-width": "",
                      "flex-min-height": "",
                      "flex-min-width": "",
                      "flex-shrink": 1,
                      "flex-size": "default",
                      "flex-wrap": "nowrap",
                      "iconClass": "widgets-flexcontainer",
                      "isLocked": true,
                      "justify-content": "flex-start",
                      "positioning": "responsive",
                      "userCannotRemove": false
                    },
                    "Widgets": [
                      {
                        "Properties": {
                          "Area": "UI",
                          "AutoScroll": true,
                          "CellBorderStyle": "DefaultGridAdvancedCellBorderStyle",
                          "CellValidationErrorStyle": "DefaultGridAdvancedCellValidationErrorStyle",
                          "CellValidationErrorTooltipStyle": "DefaultGridAdvancedCellValidationErrorTooltipStyle",
                          "ColumnFormat": {
                            "formatInfo": [
                              {
                                "Align": "left",
                                "AllowEdit": false,
                                "FieldName": "item",
                                "FormatOptions": {
                                  "FormatString": "full",
                                  "renderer": "STRING"
                                },
                                "Title": "item",
                                "ValidationExpression": "",
                                "ValidationMessage": "",
                                "Width": "auto"
                              }
                            ]
                          },
                          "Configuration": "",
                          "ConfigurationId": 0,
                          "CookiePersistence": true,
                          "DataOverflow": "clipped",
                          "DataServiceBindingDef": {
                            "dataName": "Things_TestThing2",
                            "entityName": "TestThing2",
                            "entityType": "Things",
                            "sourceId": "TestService",
                            "target": "TestService"
                          },
                          "DefaultSelectedRows": "",
                          "DisableLegacyValidation": false,
                          "DisplayName": "gridadvanced-44",
                          "DisplayOnlyMode": false,
                          "EditButtonsLocation": "top-right",
                          "EnableAddDeleteButtons": false,
                          "EnableCallbackOnSelectedRowsChange": true,
                          "EnableContainerScroll": false,
                          "EnableContextMenu": true,
                          "EnableEditButtons": false,
                          "EnableFilterEventOnConfigChange": true,
                          "EnableFooter": false,
                          "EnableGridReset": false,
                          "EnableGridSearch": false,
                          "EnableKeyboardNavigation": true,
                          "EnableSorting": false,
                          "FocusStyle": "DefaultFocusStyle",
                          "GridResetButtonLocation": "top-right",
                          "GridSearchLocation": "top-left",
                          "HeaderOverflow": "tooltip",
                          "Height": 200,
                          "IDFieldName": "id",
                          "Id": "gridadvanced-44",
                          "IsEditable": false,
                          "LastContainer": false,
                          "Left": 204.02777099609375,
                          "Margin": "5",
                          "MaxHeaderHeight": 100,
                          "MinRowHeight": 30,
                          "ResponsiveLayout": true,
                          "RowAlternateBackgroundStyle": "DefaultGridAdvancedRowAlternateBackgroundStyle",
                          "RowBackgroundStyle": "DefaultGridAdvancedRowBackgroundStyle",
                          "RowBorderStyle": "DefaultGridAdvancedRowBorderStyle",
                          "RowFormat_StateParameters": [],
                          "RowHoverStyle": "DefaultGridAdvancedRowHoverStyle",
                          "RowSelectedStyle": "DefaultGridAdvancedRowSelectedStyle",
                          "RowSelection": "none",
                          "SelectedRows": "",
                          "ShowDataLoading": true,
                          "SortAscendingStyle": "DefaultSortAscendingStyle",
                          "SortDescendingStyle": "DefaultSortDescendingStyle",
                          "TableFooterStyle": "DefaultGridAdvancedFooterStyle",
                          "TableHeaderStyle": "DefaultGridAdvancedHeaderStyle",
                          "TableWrapperStyle": "DefaultGridAdvancedWrapperStyle",
                          "ToolbarStyle": "DefaultToolbarStyle",
                          "TooltipStyle": "DefaultTooltipStyle",
                          "Top": 95.57291412353516,
                          "Type": "gridadvanced",
                          "UseTheme": false,
                          "Visible": true,
                          "Width": 400,
                          "Z-index": 10,
                          "__TypeDisplayName": "Grid Advanced"
                        },
                        "Widgets": []
                      }
                    ]
                  },
                  {
                    "Properties": {
                      "Area": "UI",
                      "DisplayName": "container-48",
                      "EnableExpandCollapse": false,
                      "ExpandCollapseTabLocation": "inside",
                      "Expanded": true,
                      "Id": "flexcontainer-48",
                      "LastContainer": false,
                      "Overlay": false,
                      "ResponsiveLayout": true,
                      "ShowDataLoading": true,
                      "ShowExpandCollapseTab": false,
                      "SourceURL": "",
                      "Style": "DefaultContainerStyle",
                      "StyleProperties": {},
                      "Type": "flexcontainer",
                      "UseTheme": true,
                      "Visible": true,
                      "Z-index": 10,
                      "__TypeDisplayName": "Responsive Container",
                      "align-content": "flex-start",
                      "align-items": "flex-start",
                      "flex-basis": "auto",
                      "flex-direction": "row",
                      "flex-grow": 1,
                      "flex-max-height": "50px",
                      "flex-max-width": "",
                      "flex-min-height": "50px",
                      "flex-min-width": "",
                      "flex-shrink": 1,
                      "flex-size": "fixed",
                      "flex-wrap": "nowrap",
                      "iconClass": "widgets-flexcontainer-fixed",
                      "isLocked": false,
                      "justify-content": "flex-start",
                      "positioning": "responsive",
                      "userCannotRemove": false
                    },
                    "Widgets": [
                      {
                        "Properties": {
                          "Area": "UI",
                          "ButtonType": "primary",
                          "ContextID": "",
                          "Disabled": false,
                          "DisplayName": "ptcs-button-49",
                          "Id": "ptcsbutton-49",
                          "Label": "Button 1",
                          "LabelAlignment": "center",
                          "LastContainer": false,
                          "Left": 294.02777099609375,
                          "Margin": "5",
                          "MultiLine": false,
                          "ResponsiveLayout": false,
                          "ShowDataLoading": true,
                          "TabSequence": 0,
                          "Top": 15.572914123535156,
                          "Type": "ptcsbutton",
                          "UseTheme": true,
                          "Visible": true,
                          "Z-index": 10,
                          "__TypeDisplayName": "Button"
                        },
                        "Widgets": []
                      }
                    ]
                  }
                ]
              },
              {
                "Properties": {
                  "Area": "UI",
                  "CollapseTabIcon": "",
                  "DisplayName": "container-39",
                  "EnableContainerUnload": false,
                  "EnableExpandCollapse": false,
                  "ExpandCollapseTabLocation": "inside",
                  "ExpandTabIcon": "",
                  "Expanded": true,
                  "Id": "flexcontainer-39",
                  "LastContainer": true,
                  "LazyLoading": false,
                  "Left": 0,
                  "Margin": "",
                  "Overlay": false,
                  "ResponsiveLayout": false,
                  "Scrolling": "auto-scroll",
                  "ShowDataLoading": true,
                  "ShowExpandCollapseTab": false,
                  "SourceURL": "",
                  "Style": "DefaultContainerStyle",
                  "StyleProperties": {},
                  "Top": 0,
                  "Type": "flexcontainer",
                  "UseTheme": true,
                  "Visible": true,
                  "Z-index": 10,
                  "__TypeDisplayName": "Responsive Container",
                  "align-content": "flex-start",
                  "align-items": "flex-start",
                  "flex-basis": "auto",
                  "flex-direction": "column",
                  "flex-grow": 1,
                  "flex-max-height": "",
                  "flex-max-width": "",
                  "flex-min-height": "",
                  "flex-min-width": "",
                  "flex-shrink": 1,
                  "flex-size": "default",
                  "flex-wrap": "nowrap",
                  "iconClass": "widgets-flexcontainer",
                  "isLocked": true,
                  "justify-content": "flex-start",
                  "positioning": "static",
                  "scrolling": "scroll",
                  "userCannotRemove": false
                },
                "Widgets": [
                  {
                    "Properties": {
                      "Area": "UI",
                      "CollapseTabIcon": "",
                      "DisplayName": "container-7",
                      "EnableContainerUnload": false,
                      "EnableExpandCollapse": false,
                      "ExpandCollapseTabLocation": "inside",
                      "ExpandTabIcon": "",
                      "Expanded": true,
                      "Id": "flexcontainer-7",
                      "LastContainer": false,
                      "LazyLoading": false,
                      "Margin": "",
                      "Overlay": false,
                      "ResponsiveLayout": false,
                      "ShowDataLoading": true,
                      "ShowExpandCollapseTab": false,
                      "SourceURL": "",
                      "Style": "DefaultContainerStyle",
                      "StyleProperties": {},
                      "Type": "flexcontainer",
                      "UseTheme": true,
                      "Visible": true,
                      "Z-index": 10,
                      "__TypeDisplayName": "Responsive Container",
                      "align-content": "flex-start",
                      "align-items": "flex-start",
                      "flex-basis": "auto",
                      "flex-direction": "row",
                      "flex-grow": 1,
                      "flex-max-height": "34px",
                      "flex-max-width": "",
                      "flex-min-height": "34px",
                      "flex-min-width": "",
                      "flex-shrink": 1,
                      "flex-size": "fixed",
                      "flex-wrap": "nowrap",
                      "iconClass": "widgets-flexcontainer-fixed",
                      "isLocked": false,
                      "justify-content": "flex-start",
                      "positioning": "responsive",
                      "userCannotRemove": false
                    },
                    "Widgets": [
                      {
                        "Properties": {
                          "Area": "UI",
                          "DisclosureControl": "show-more",
                          "DisplayName": "ptcs-label-8",
                          "HorizontalAlignment": "left",
                          "Id": "ptcslabel-8",
                          "LabelText": "Label",
                          "LabelType": "label",
                          "LastContainer": false,
                          "Left": 99.02777099609375,
                          "Margin": "5",
                          "MultiLine": true,
                          "PreserveWhiteSpace": false,
                          "ResponsiveLayout": false,
                          "ShowDataLoading": true,
                          "Top": 65.57291412353516,
                          "Type": "ptcslabel",
                          "UseTheme": true,
                          "VerticalAlignment": "flex-start",
                          "Visible": true,
                          "Z-index": 10,
                          "__TypeDisplayName": "Label",
                          "overflowShowLessTxt": "[[showLess]]",
                          "overflowShowMoreTxt": "[[showMore]]"
                        },
                        "Widgets": []
                      }
                    ]
                  },
                  {
                    "Properties": {
                      "Area": "UI",
                      "CollapseTabIcon": "",
                      "DisplayName": "container-4",
                      "EnableContainerUnload": false,
                      "EnableExpandCollapse": false,
                      "ExpandCollapseTabLocation": "inside",
                      "ExpandTabIcon": "",
                      "Expanded": true,
                      "Id": "flexcontainer-4",
                      "LastContainer": false,
                      "LazyLoading": false,
                      "Margin": "",
                      "Overlay": false,
                      "ResponsiveLayout": false,
                      "ShowDataLoading": true,
                      "ShowExpandCollapseTab": false,
                      "SourceURL": "",
                      "Style": "DefaultContainerStyle",
                      "StyleProperties": {},
                      "Type": "flexcontainer",
                      "UseTheme": true,
                      "Visible": true,
                      "Z-index": 10,
                      "__TypeDisplayName": "Responsive Container",
                      "align-content": "flex-start",
                      "align-items": "flex-start",
                      "flex-basis": "auto",
                      "flex-direction": "row",
                      "flex-grow": 1,
                      "flex-max-height": "220px",
                      "flex-max-width": "",
                      "flex-min-height": "220px",
                      "flex-min-width": "",
                      "flex-shrink": 1,
                      "flex-size": "fixed",
                      "flex-wrap": "nowrap",
                      "iconClass": "widgets-flexcontainer-fixed",
                      "isLocked": false,
                      "justify-content": "flex-start",
                      "positioning": "responsive",
                      "userCannotRemove": false
                    },
                    "Widgets": [
                      {
                        "Properties": {
                          "Area": "UI",
                          "CollapseTabIcon": "",
                          "DisplayName": "container-5",
                          "EnableContainerUnload": false,
                          "EnableExpandCollapse": false,
                          "ExpandCollapseTabLocation": "inside",
                          "ExpandTabIcon": "",
                          "Expanded": true,
                          "Id": "flexcontainer-5",
                          "LastContainer": false,
                          "LazyLoading": false,
                          "Margin": "",
                          "Overlay": false,
                          "ResponsiveLayout": false,
                          "ShowDataLoading": true,
                          "ShowExpandCollapseTab": false,
                          "SourceURL": "",
                          "Style": "DefaultContainerStyle",
                          "StyleProperties": {},
                          "Type": "flexcontainer",
                          "UseTheme": true,
                          "Visible": true,
                          "Z-index": 10,
                          "__TypeDisplayName": "Responsive Container",
                          "align-content": "flex-start",
                          "align-items": "flex-start",
                          "flex-basis": "auto",
                          "flex-direction": "column",
                          "flex-grow": 1,
                          "flex-max-height": "",
                          "flex-max-width": "",
                          "flex-min-height": "",
                          "flex-min-width": "",
                          "flex-shrink": 1,
                          "flex-size": "default",
                          "flex-wrap": "nowrap",
                          "iconClass": "widgets-flexcontainer",
                          "isLocked": false,
                          "justify-content": "flex-start",
                          "positioning": "responsive",
                          "userCannotRemove": false
                        },
                        "Widgets": [
                          {
                            "Properties": {
                              "Area": "UI",
                              "Counter": false,
                              "Disabled": false,
                              "DisplayName": "ptcs-textfield-9",
                              "Id": "ptcstextfield-9",
                              "Label": "Text field 1",
                              "LabelAlignment": "left",
                              "LastContainer": false,
                              "Left": 119.02777099609375,
                              "Margin": "5",
                              "MaxNumberOfCharacters": 100,
                              "Password": false,
                              "ReadOnly": false,
                              "ResponsiveLayout": false,
                              "ShowClearText": true,
                              "ShowDataLoading": true,
                              "TabSequence": 0,
                              "TextAlignment": "left",
                              "Top": 50.572914123535156,
                              "Type": "ptcstextfield",
                              "UseTheme": true,
                              "Visible": true,
                              "Width": 273,
                              "Z-index": 10,
                              "__TypeDisplayName": "Text Field"
                            },
                            "Widgets": []
                          },
                          {
                            "Properties": {
                              "Area": "UI",
                              "Counter": false,
                              "Disabled": false,
                              "DisplayName": "ptcs-textfield-10",
                              "Id": "ptcstextfield-10",
                              "Label": "Text field 2",
                              "LabelAlignment": "left",
                              "LastContainer": false,
                              "Left": 99.02777099609375,
                              "Margin": "5",
                              "MaxNumberOfCharacters": 100,
                              "Password": false,
                              "ReadOnly": false,
                              "ResponsiveLayout": false,
                              "ShowClearText": true,
                              "ShowDataLoading": true,
                              "TabSequence": 0,
                              "TextAlignment": "left",
                              "Top": 60.572914123535156,
                              "Type": "ptcstextfield",
                              "UseTheme": true,
                              "Visible": true,
                              "Width": 273,
                              "Z-index": 10,
                              "__TypeDisplayName": "Text Field"
                            },
                            "Widgets": []
                          },
                          {
                            "Properties": {
                              "Area": "UI",
                              "Counter": false,
                              "Disabled": false,
                              "DisplayName": "ptcs-textfield-11",
                              "Id": "ptcstextfield-11",
                              "Label": "Text field 3",
                              "LabelAlignment": "left",
                              "LastContainer": false,
                              "Left": 79.02777099609375,
                              "Margin": "5",
                              "MaxNumberOfCharacters": 100,
                              "Password": false,
                              "ReadOnly": false,
                              "ResponsiveLayout": false,
                              "ShowClearText": true,
                              "ShowDataLoading": true,
                              "TabSequence": 0,
                              "TextAlignment": "left",
                              "Top": 75.57291412353516,
                              "Type": "ptcstextfield",
                              "UseTheme": true,
                              "Visible": true,
                              "Width": 273,
                              "Z-index": 10,
                              "__TypeDisplayName": "Text Field"
                            },
                            "Widgets": []
                          }
                        ]
                      },
                      {
                        "Properties": {
                          "Area": "UI",
                          "CollapseTabIcon": "",
                          "DisplayName": "container-6",
                          "EnableContainerUnload": false,
                          "EnableExpandCollapse": false,
                          "ExpandCollapseTabLocation": "inside",
                          "ExpandTabIcon": "",
                          "Expanded": true,
                          "Id": "flexcontainer-6",
                          "LastContainer": false,
                          "LazyLoading": false,
                          "Margin": "",
                          "Overlay": false,
                          "ResponsiveLayout": false,
                          "ShowDataLoading": true,
                          "ShowExpandCollapseTab": false,
                          "SourceURL": "",
                          "Style": "DefaultContainerStyle",
                          "StyleProperties": {},
                          "Type": "flexcontainer",
                          "UseTheme": true,
                          "Visible": true,
                          "Z-index": 10,
                          "__TypeDisplayName": "Responsive Container",
                          "align-content": "flex-start",
                          "align-items": "flex-start",
                          "flex-basis": "auto",
                          "flex-direction": "column",
                          "flex-grow": 1,
                          "flex-max-height": "",
                          "flex-max-width": "",
                          "flex-min-height": "",
                          "flex-min-width": "",
                          "flex-shrink": 1,
                          "flex-size": "default",
                          "flex-wrap": "nowrap",
                          "iconClass": "widgets-flexcontainer",
                          "isLocked": false,
                          "justify-content": "flex-start",
                          "positioning": "responsive",
                          "userCannotRemove": false
                        },
                        "Widgets": [
                          {
                            "Properties": {
                              "Alignment": "left",
                              "AllLabel": "[[all]]",
                              "Area": "UI",
                              "AutoSelectFirstRow": false,
                              "ClearSelectedItemsLabel": "[[clearSelectedItems]]",
                              "ClearSelectionItem": true,
                              "ClearSelectionLabel": "(None)",
                              "Disabled": false,
                              "DisplayName": "ptcs-dropdown-13",
                              "FilterHintText": "Filter",
                              "HintText": "Select...",
                              "Id": "ptcsdropdown-13",
                              "ItemMeta": {
                                "type": "text"
                              },
                              "Label": "Dropdown 1",
                              "LabelAlignment": "left",
                              "LastContainer": false,
                              "Left": 44.02777099609375,
                              "ListFormat_StateParameters": [],
                              "ListMarginTop": 8,
                              "Margin": "5",
                              "MultiSelect": false,
                              "ResponsiveLayout": false,
                              "RowHeight": 34,
                              "SelectAllLabel": "[[selectAll]]",
                              "SelectedLabel": "[[selected]]",
                              "ShowDataLoading": true,
                              "ShowListFilter": false,
                              "TabSequence": 0,
                              "Top": 60.572914123535156,
                              "Type": "ptcsdropdown",
                              "UseTheme": true,
                              "Visible": true,
                              "Width": 273,
                              "Z-index": 10,
                              "__TypeDisplayName": "DropDown"
                            },
                            "Widgets": []
                          },
                          {
                            "Properties": {
                              "Alignment": "left",
                              "AllLabel": "[[all]]",
                              "Area": "UI",
                              "AutoSelectFirstRow": false,
                              "ClearSelectedItemsLabel": "[[clearSelectedItems]]",
                              "ClearSelectionItem": true,
                              "ClearSelectionLabel": "(None)",
                              "Disabled": false,
                              "DisplayName": "ptcs-dropdown-14",
                              "FilterHintText": "Filter",
                              "HintText": "Select...",
                              "Id": "ptcsdropdown-14",
                              "ItemMeta": {
                                "type": "text"
                              },
                              "Label": "Dropdown 2",
                              "LabelAlignment": "left",
                              "LastContainer": false,
                              "Left": 229.02777099609375,
                              "ListFormat_StateParameters": [],
                              "ListMarginTop": 8,
                              "Margin": "5",
                              "MultiSelect": false,
                              "ResponsiveLayout": false,
                              "RowHeight": 34,
                              "SelectAllLabel": "[[selectAll]]",
                              "SelectedLabel": "[[selected]]",
                              "ShowDataLoading": true,
                              "ShowListFilter": false,
                              "TabSequence": 0,
                              "Top": 60.572914123535156,
                              "Type": "ptcsdropdown",
                              "UseTheme": true,
                              "Visible": true,
                              "Width": 273,
                              "Z-index": 10,
                              "__TypeDisplayName": "DropDown"
                            },
                            "Widgets": []
                          },
                          {
                            "Properties": {
                              "Alignment": "left",
                              "AllLabel": "[[all]]",
                              "Area": "UI",
                              "AutoSelectFirstRow": false,
                              "ClearSelectedItemsLabel": "[[clearSelectedItems]]",
                              "ClearSelectionItem": true,
                              "ClearSelectionLabel": "(None)",
                              "Disabled": false,
                              "DisplayName": "ptcs-dropdown-12",
                              "FilterHintText": "Filter",
                              "HintText": "Select...",
                              "Id": "ptcsdropdown-12",
                              "ItemMeta": {
                                "type": "text"
                              },
                              "Label": "Dropdown 3",
                              "LabelAlignment": "left",
                              "LastContainer": false,
                              "Left": 469.02777099609375,
                              "ListFormat_StateParameters": [],
                              "ListMarginTop": 8,
                              "Margin": "5",
                              "MultiSelect": false,
                              "ResponsiveLayout": false,
                              "RowHeight": 34,
                              "SelectAllLabel": "[[selectAll]]",
                              "SelectedLabel": "[[selected]]",
                              "ShowDataLoading": true,
                              "ShowListFilter": false,
                              "TabSequence": 0,
                              "Top": 30.572914123535156,
                              "Type": "ptcsdropdown",
                              "UseTheme": true,
                              "Visible": true,
                              "Width": 273,
                              "Z-index": 10,
                              "__TypeDisplayName": "DropDown"
                            },
                            "Widgets": []
                          }
                        ]
                      }
                    ]
                  },
                  {
                    "Properties": {
                      "Area": "UI",
                      "CollapseTabIcon": "",
                      "DisplayName": "container-3",
                      "EnableContainerUnload": false,
                      "EnableExpandCollapse": false,
                      "ExpandCollapseTabLocation": "inside",
                      "ExpandTabIcon": "",
                      "Expanded": true,
                      "Id": "flexcontainer-3",
                      "LastContainer": false,
                      "LazyLoading": false,
                      "Margin": "",
                      "Overlay": false,
                      "ResponsiveLayout": false,
                      "Scrolling": "auto-scroll",
                      "ShowDataLoading": true,
                      "ShowExpandCollapseTab": false,
                      "SourceURL": "",
                      "Style": "DefaultContainerStyle",
                      "StyleProperties": {},
                      "Type": "flexcontainer",
                      "UseTheme": true,
                      "Visible": true,
                      "Z-index": 10,
                      "__TypeDisplayName": "Responsive Container",
                      "align-content": "flex-start",
                      "align-items": "flex-start",
                      "flex-basis": "auto",
                      "flex-direction": "row",
                      "flex-grow": 1,
                      "flex-max-height": "",
                      "flex-max-width": "",
                      "flex-min-height": "",
                      "flex-min-width": "",
                      "flex-shrink": 1,
                      "flex-size": "default",
                      "flex-wrap": "nowrap",
                      "iconClass": "widgets-flexcontainer",
                      "isLocked": false,
                      "justify-content": "flex-start",
                      "positioning": "responsive",
                      "userCannotRemove": false
                    },
                    "Widgets": [
                      {
                        "Properties": {
                          "Area": "UI",
                          "AutoScroll": true,
                          "CellBorderStyle": "DefaultGridAdvancedCellBorderStyle",
                          "CellValidationErrorStyle": "DefaultGridAdvancedCellValidationErrorStyle",
                          "CellValidationErrorTooltipStyle": "DefaultGridAdvancedCellValidationErrorTooltipStyle",
                          "ColumnFormat": {
                            "formatInfo": [
                              {
                                "Align": "left",
                                "AllowEdit": false,
                                "FieldName": "item",
                                "FormatOptions": {
                                  "FormatString": "full",
                                  "renderer": "STRING"
                                },
                                "Title": "item",
                                "ValidationExpression": "",
                                "ValidationMessage": "",
                                "Width": "auto"
                              }
                            ]
                          },
                          "Configuration": "",
                          "ConfigurationId": 0,
                          "CookiePersistence": true,
                          "DataOverflow": "clipped",
                          "DataServiceBindingDef": {
                            "dataName": "Things_TestThing2",
                            "entityName": "TestThing2",
                            "entityType": "Things",
                            "sourceId": "TestService",
                            "target": "TestService"
                          },
                          "DefaultSelectedRows": "",
                          "DisableLegacyValidation": false,
                          "DisplayName": "gridadvanced-15",
                          "DisplayOnlyMode": false,
                          "EditButtonsLocation": "top-right",
                          "EnableAddDeleteButtons": false,
                          "EnableCallbackOnSelectedRowsChange": true,
                          "EnableContainerScroll": false,
                          "EnableContextMenu": true,
                          "EnableEditButtons": false,
                          "EnableFilterEventOnConfigChange": true,
                          "EnableFooter": false,
                          "EnableGridReset": false,
                          "EnableGridSearch": false,
                          "EnableKeyboardNavigation": true,
                          "EnableSorting": false,
                          "FocusStyle": "DefaultFocusStyle",
                          "GridResetButtonLocation": "top-right",
                          "GridSearchLocation": "top-left",
                          "HeaderOverflow": "tooltip",
                          "Height": 200,
                          "IDFieldName": "id",
                          "Id": "gridadvanced-15",
                          "IsEditable": false,
                          "LastContainer": false,
                          "Left": 204.02777099609375,
                          "Margin": "5",
                          "MaxHeaderHeight": 100,
                          "MinRowHeight": 30,
                          "ResponsiveLayout": true,
                          "RowAlternateBackgroundStyle": "DefaultGridAdvancedRowAlternateBackgroundStyle",
                          "RowBackgroundStyle": "DefaultGridAdvancedRowBackgroundStyle",
                          "RowBorderStyle": "DefaultGridAdvancedRowBorderStyle",
                          "RowFormat_StateParameters": [],
                          "RowHoverStyle": "DefaultGridAdvancedRowHoverStyle",
                          "RowSelectedStyle": "DefaultGridAdvancedRowSelectedStyle",
                          "RowSelection": "none",
                          "SelectedRows": "",
                          "ShowDataLoading": true,
                          "SortAscendingStyle": "DefaultSortAscendingStyle",
                          "SortDescendingStyle": "DefaultSortDescendingStyle",
                          "TableFooterStyle": "DefaultGridAdvancedFooterStyle",
                          "TableHeaderStyle": "DefaultGridAdvancedHeaderStyle",
                          "TableWrapperStyle": "DefaultGridAdvancedWrapperStyle",
                          "ToolbarStyle": "DefaultToolbarStyle",
                          "TooltipStyle": "DefaultTooltipStyle",
                          "Top": 95.57291412353516,
                          "Type": "gridadvanced",
                          "UseTheme": false,
                          "Visible": true,
                          "Width": 400,
                          "Z-index": 10,
                          "__TypeDisplayName": "Grid Advanced"
                        },
                        "Widgets": []
                      }
                    ]
                  },
                  {
                    "Properties": {
                      "Area": "UI",
                      "DisplayName": "container-46",
                      "EnableExpandCollapse": false,
                      "ExpandCollapseTabLocation": "inside",
                      "Expanded": true,
                      "Id": "flexcontainer-46",
                      "LastContainer": false,
                      "Overlay": false,
                      "ResponsiveLayout": true,
                      "ShowDataLoading": true,
                      "ShowExpandCollapseTab": false,
                      "SourceURL": "",
                      "Style": "DefaultContainerStyle",
                      "StyleProperties": {},
                      "Type": "flexcontainer",
                      "UseTheme": true,
                      "Visible": true,
                      "Z-index": 10,
                      "__TypeDisplayName": "Responsive Container",
                      "align-content": "flex-start",
                      "align-items": "flex-start",
                      "flex-basis": "auto",
                      "flex-direction": "row",
                      "flex-grow": 1,
                      "flex-max-height": "",
                      "flex-max-width": "",
                      "flex-min-height": "",
                      "flex-min-width": "",
                      "flex-shrink": 1,
                      "flex-size": "default",
                      "flex-wrap": "nowrap",
                      "iconClass": "widgets-flexcontainer",
                      "isLocked": false,
                      "justify-content": "flex-start",
                      "positioning": "responsive",
                      "userCannotRemove": false
                    },
                    "Widgets": [
                      {
                        "Properties": {
                          "Area": "UI",
                          "AutoScroll": true,
                          "CellBorderStyle": "DefaultGridAdvancedCellBorderStyle",
                          "CellValidationErrorStyle": "DefaultGridAdvancedCellValidationErrorStyle",
                          "CellValidationErrorTooltipStyle": "DefaultGridAdvancedCellValidationErrorTooltipStyle",
                          "ColumnFormat": {
                            "formatInfo": [
                              {
                                "Align": "left",
                                "AllowEdit": false,
                                "Description": "",
                                "FieldName": "isSelected",
                                "FormatOptions": {
                                  "FormatString": "unsanitized",
                                  "formatInfo": {
                                    "StateFormats": []
                                  },
                                  "formatText": "View",
                                  "renderer": "HTML",
                                  "roundingEnabled": true,
                                  "showDependentField": false
                                },
                                "Title": "isSelected",
                                "ValidationExpression": "",
                                "ValidationMessage": "",
                                "Width": "auto",
                                "headerTextAlignment": "left",
                                "hidden": false,
                                "inLayout": true
                              },
                              {
                                "Align": "left",
                                "AllowEdit": false,
                                "Description": "",
                                "FieldName": "html_data",
                                "FormatOptions": {
                                  "FormatString": "unsanitized",
                                  "formatInfo": {
                                    "StateFormats": []
                                  },
                                  "formatText": "View",
                                  "renderer": "HTML",
                                  "roundingEnabled": true,
                                  "showDependentField": false
                                },
                                "Title": "html_data",
                                "ValidationExpression": "",
                                "ValidationMessage": "",
                                "Width": "auto",
                                "headerTextAlignment": "left",
                                "hidden": false,
                                "inLayout": true
                              },
                              {
                                "Align": "left",
                                "AllowEdit": false,
                                "Description": "",
                                "FieldName": "id",
                                "FormatOptions": {
                                  "FormatString": "full",
                                  "formatInfo": {
                                    "StateFormats": []
                                  },
                                  "formatText": "View",
                                  "renderer": "STRING",
                                  "roundingEnabled": true,
                                  "showDependentField": false
                                },
                                "Title": "id",
                                "ValidationExpression": "",
                                "ValidationMessage": "",
                                "Width": "auto",
                                "headerTextAlignment": "left",
                                "hidden": true,
                                "inLayout": true
                              },
                              {
                                "Align": "left",
                                "AllowEdit": false,
                                "Description": "",
                                "FieldName": "parent_id",
                                "FormatOptions": {
                                  "FormatString": "full",
                                  "formatInfo": {
                                    "StateFormats": []
                                  },
                                  "formatText": "View",
                                  "renderer": "STRING",
                                  "roundingEnabled": true,
                                  "showDependentField": false
                                },
                                "Title": "parent_id",
                                "ValidationExpression": "",
                                "ValidationMessage": "",
                                "Width": "auto",
                                "headerTextAlignment": "left",
                                "hidden": true,
                                "inLayout": true
                              },
                              {
                                "Align": "left",
                                "AllowEdit": false,
                                "Description": "",
                                "FieldName": "hasChildren",
                                "FormatOptions": {
                                  "FormatString": "checkbox",
                                  "formatInfo": {
                                    "StateFormats": []
                                  },
                                  "formatText": "View",
                                  "renderer": "BOOLEAN",
                                  "roundingEnabled": true,
                                  "showDependentField": false
                                },
                                "Title": "hasChildren",
                                "ValidationExpression": "",
                                "ValidationMessage": "",
                                "Width": "auto",
                                "headerTextAlignment": "left",
                                "hidden": true,
                                "inLayout": true
                              }
                            ]
                          },
                          "Configuration": "",
                          "ConfigurationId": 0,
                          "CookiePersistence": true,
                          "DataOverflow": "clipped",
                          "DataServiceBindingDef": {
                            "dataName": "Things_TesThing2",
                            "entityName": "TesThing2",
                            "entityType": "Things",
                            "sourceId": "testTreeGridHtml",
                            "target": "testTreeGridHtml"
                          },
                          "DefaultSelectedRows": "",
                          "DisplayName": "treegridadvanced-47",
                          "DisplayOnlyMode": false,
                          "EditButtonsLocation": "top-right",
                          "EnableAddDeleteButtons": false,
                          "EnableCallbackOnSelectedRowsChange": false,
                          "EnableContextMenu": true,
                          "EnableEditButtons": false,
                          "EnableFilterEventOnConfigChange": true,
                          "EnableFooter": false,
                          "EnableGridReset": false,
                          "EnableGridSearch": false,
                          "EnableKeyboardNavigation": true,
                          "EnableSorting": false,
                          "ExpandLoadedRows": false,
                          "ExpandRowOnDoubleClick": false,
                          "FocusStyle": "DefaultFocusStyle",
                          "GridResetButtonLocation": "top-right",
                          "GridSearchLocation": "top-left",
                          "HasChildrenFieldName": "hasChildren",
                          "HeaderOverflow": "tooltip",
                          "Height": 200,
                          "IDFieldName": "id",
                          "IDPathSeparator": ":;",
                          "Id": "treegridadvanced-47",
                          "IncludeRowExpansionParents": false,
                          "IsEditable": false,
                          "LastContainer": false,
                          "Left": 114.02777099609375,
                          "MaxHeaderHeight": 100,
                          "MaxRowCacheSize": 50000,
                          "MinRowHeight": 30,
                          "ParentIDFieldName": "parent_id",
                          "PreserveRowExpansion": false,
                          "ResponsiveLayout": true,
                          "RowAlternateBackgroundStyle": "DefaultGridAdvancedRowAlternateBackgroundStyle",
                          "RowBackgroundStyle": "DefaultGridAdvancedRowBackgroundStyle",
                          "RowBorderStyle": "DefaultGridAdvancedRowBorderStyle",
                          "RowCollapseIconStyle": "DefaultRowCollapseIconStyle",
                          "RowExpansionIconStyle": "DefaultRowExpansionIconStyle",
                          "RowFormat_StateParameters": [],
                          "RowHoverStyle": "DefaultGridAdvancedRowHoverStyle",
                          "RowIconStyle": "DefaultRowIconStyle",
                          "RowSelectedStyle": "DefaultGridAdvancedRowSelectedStyle",
                          "RowSelection": "none",
                          "SelectedRows": "",
                          "ShowDataLoading": true,
                          "SortAscendingStyle": "DefaultSortAscendingStyle",
                          "SortDescendingStyle": "DefaultSortDescendingStyle",
                          "TableFooterStyle": "DefaultGridAdvancedFooterStyle",
                          "TableHeaderStyle": "DefaultGridAdvancedHeaderStyle",
                          "TableWrapperStyle": "DefaultGridAdvancedWrapperStyle",
                          "ToolbarStyle": "DefaultToolbarStyle",
                          "TooltipStyle": "DefaultTooltipStyle",
                          "Top": 15.572914123535156,
                          "Type": "treegridadvanced",
                          "UseTheme": false,
                          "Visible": true,
                          "Width": 400,
                          "Z-index": 10,
                          "__TypeDisplayName": "Tree Grid Advanced"
                        },
                        "Widgets": []
                      }
                    ]
                  },
                  {
                    "Properties": {
                      "Area": "UI",
                      "CollapseTabIcon": "",
                      "DisplayName": "container-16",
                      "EnableContainerUnload": false,
                      "EnableExpandCollapse": false,
                      "ExpandCollapseTabLocation": "inside",
                      "ExpandTabIcon": "",
                      "Expanded": true,
                      "Id": "flexcontainer-16",
                      "LastContainer": false,
                      "LazyLoading": false,
                      "Margin": "",
                      "Overlay": false,
                      "ResponsiveLayout": false,
                      "ShowDataLoading": true,
                      "ShowExpandCollapseTab": false,
                      "SourceURL": "",
                      "Style": "DefaultContainerStyle",
                      "StyleProperties": {},
                      "Type": "flexcontainer",
                      "UseTheme": true,
                      "Visible": true,
                      "Z-index": 10,
                      "__TypeDisplayName": "Responsive Container",
                      "align-content": "flex-start",
                      "align-items": "flex-start",
                      "flex-basis": "auto",
                      "flex-direction": "row",
                      "flex-grow": 1,
                      "flex-max-height": "46px",
                      "flex-max-width": "",
                      "flex-min-height": "46px",
                      "flex-min-width": "",
                      "flex-shrink": 1,
                      "flex-size": "fixed",
                      "flex-wrap": "nowrap",
                      "iconClass": "widgets-flexcontainer-fixed",
                      "isLocked": false,
                      "justify-content": "flex-start",
                      "positioning": "responsive",
                      "userCannotRemove": false
                    },
                    "Widgets": [
                      {
                        "Properties": {
                          "Area": "UI",
                          "ButtonType": "primary",
                          "ContextID": "",
                          "Disabled": false,
                          "DisplayName": "ptcs-button-17",
                          "Id": "ptcsbutton-17",
                          "Label": "Button 1",
                          "LabelAlignment": "center",
                          "LastContainer": false,
                          "Left": 294.02777099609375,
                          "Margin": "5",
                          "MultiLine": false,
                          "ResponsiveLayout": false,
                          "ShowDataLoading": true,
                          "TabSequence": 0,
                          "Top": 15.572914123535156,
                          "Type": "ptcsbutton",
                          "UseTheme": true,
                          "Visible": true,
                          "Z-index": 10,
                          "__TypeDisplayName": "Button"
                        },
                        "Widgets": []
                      },
                      {
                        "Properties": {
                          "Area": "UI",
                          "ButtonType": "primary",
                          "ContextID": "",
                          "Disabled": false,
                          "DisplayName": "ptcs-button-18",
                          "Id": "ptcsbutton-18",
                          "Label": "Button 2",
                          "LabelAlignment": "center",
                          "LastContainer": false,
                          "Left": 224.02777099609375,
                          "Margin": "5",
                          "MultiLine": false,
                          "ResponsiveLayout": false,
                          "ShowDataLoading": true,
                          "TabSequence": 0,
                          "Top": 5.572914123535156,
                          "Type": "ptcsbutton",
                          "UseTheme": true,
                          "Visible": true,
                          "Z-index": 10,
                          "__TypeDisplayName": "Button"
                        },
                        "Widgets": []
                      }
                    ]
                  }
                ]
              }
            ]
          },
          {
            "Properties": {
              "Area": "UI",
              "DisplayName": "container-52",
              "EnableExpandCollapse": false,
              "ExpandCollapseTabLocation": "inside",
              "Expanded": true,
              "Id": "flexcontainer-52",
              "LastContainer": false,
              "Overlay": false,
              "ResponsiveLayout": true,
              "ShowDataLoading": true,
              "ShowExpandCollapseTab": false,
              "SourceURL": "",
              "Style": "DefaultContainerStyle",
              "StyleProperties": {},
              "Type": "flexcontainer",
              "UseTheme": true,
              "Visible": true,
              "Z-index": 10,
              "__TypeDisplayName": "Responsive Container",
              "align-content": "flex-start",
              "align-items": "flex-start",
              "flex-basis": "auto",
              "flex-direction": "row",
              "flex-grow": 1,
              "flex-max-height": "12px",
              "flex-max-width": "",
              "flex-min-height": "12px",
              "flex-min-width": "",
              "flex-shrink": 1,
              "flex-size": "fixed",
              "flex-wrap": "nowrap",
              "iconClass": "widgets-flexcontainer-fixed",
              "isLocked": false,
              "justify-content": "flex-start",
              "positioning": "responsive",
              "userCannotRemove": false
            },
            "Widgets": []
          }
        ]
      }
    ]
  },
  "mashupType": "mashup"
}]]>
            </mashupContent>
            <preview></preview>
        </Mashup>
    </Mashups>
</Entities>
