<?xml version="1.0" encoding="UTF-8"?>
<Entities
 universal="password">
    <Mashups>
        <Mashup
         aspect.isFlex="true"
         aspect.isResponsive="true"
         aspect.mashupType="mashup"
         columns="0.0"
         description=""
         documentationContent=""
         homeMashup=""
         name="TestMaps"
         projectName="GitTest"
         rows="0.0"
         tags="">
            <avatar></avatar>
            <DesignTimePermissions>
                <Create></Create>
                <Read></Read>
                <Update></Update>
                <Delete></Delete>
                <Metadata></Metadata>
            </DesignTimePermissions>
            <RunTimePermissions></RunTimePermissions>
            <VisibilityPermissions>
                <Visibility></Visibility>
            </VisibilityPermissions>
            <ConfigurationTableDefinitions></ConfigurationTableDefinitions>
            <ConfigurationTables>
                <ConfigurationTable
                 dataShapeName=""
                 description="Mashup Mobile Settings"
                 isHidden="true"
                 isMultiRow="false"
                 name="MobileSettings"
                 ordinal="0">
                    <DataShape>
                        <FieldDefinitions>
                            <FieldDefinition
                             aspect.defaultValue="false"
                             aspect.friendlyName="Disable Zoom"
                             baseType="BOOLEAN"
                             description="Disables zooming in and out within the mashup"
                             name="disableZoom"
                             ordinal="0"></FieldDefinition>
                            <FieldDefinition
                             aspect.defaultValue="true"
                             aspect.friendlyName="Full Screen Mode"
                             baseType="BOOLEAN"
                             description="Open the mashup in full screen mode"
                             name="fullScreenMode"
                             ordinal="0"></FieldDefinition>
                            <FieldDefinition
                             aspect.friendlyName="Height"
                             baseType="STRING"
                             description="The height of the mashup page"
                             name="height"
                             ordinal="0"></FieldDefinition>
                            <FieldDefinition
                             aspect.defaultValue="device-height"
                             aspect.friendlyName="Height Type"
                             baseType="STRING"
                             description="Use the height of the device display, or a custom height (in px)"
                             name="heightType"
                             ordinal="0"></FieldDefinition>
                            <FieldDefinition
                             aspect.defaultValue="1.0"
                             aspect.friendlyName="Initial Scale"
                             baseType="NUMBER"
                             description="The initial zoom scale when the mashup is loaded for the first time"
                             name="initialScale"
                             ordinal="0"></FieldDefinition>
                            <FieldDefinition
                             aspect.friendlyName="Shortcut Icon Title"
                             baseType="STRING"
                             description="A title for the mashup shortcut on the iOS home screen"
                             name="iosShortcutIconTitle"
                             ordinal="0"></FieldDefinition>
                            <FieldDefinition
                             aspect.defaultValue="black-translucent"
                             aspect.friendlyName="Status Bar Appearance"
                             baseType="STRING"
                             description="The style of the iOS status bar"
                             name="iosStatusBarAppearance"
                             ordinal="0"></FieldDefinition>
                            <FieldDefinition
                             aspect.defaultValue="10.0"
                             aspect.friendlyName="Maximum Scale"
                             baseType="NUMBER"
                             description="The maximum scale that users can zoom out to"
                             name="maximumScale"
                             ordinal="0"></FieldDefinition>
                            <FieldDefinition
                             aspect.defaultValue="0.1"
                             aspect.friendlyName="Minimum Scale"
                             baseType="NUMBER"
                             description="The minimum scale that users can zoom out to"
                             name="minimumScale"
                             ordinal="0"></FieldDefinition>
                            <FieldDefinition
                             aspect.friendlyName="Width"
                             baseType="STRING"
                             description="The width of the mashup page"
                             name="width"
                             ordinal="0"></FieldDefinition>
                            <FieldDefinition
                             aspect.defaultValue="device-width"
                             aspect.friendlyName="Width Type"
                             baseType="STRING"
                             description="Use the width of the device display, or a custom width (in px)"
                             name="widthType"
                             ordinal="0"></FieldDefinition>
                        </FieldDefinitions>
                    </DataShape>
                    <Rows>
                        <Row>
                            <disableZoom>false</disableZoom>
                            <fullScreenMode>true</fullScreenMode>
                            <height>
                            <![CDATA[
                            device-height
                            ]]>
                            </height>
                            <heightType>
                            <![CDATA[
                            device-height
                            ]]>
                            </heightType>
                            <initialScale>1.0</initialScale>
                            <iosShortcutIconTitle></iosShortcutIconTitle>
                            <iosStatusBarAppearance>
                            <![CDATA[
                            black-translucent
                            ]]>
                            </iosStatusBarAppearance>
                            <maximumScale>10.0</maximumScale>
                            <minimumScale>0.1</minimumScale>
                            <width>
                            <![CDATA[
                            device-width
                            ]]>
                            </width>
                            <widthType>
                            <![CDATA[
                            device-width
                            ]]>
                            </widthType>
                        </Row>
                    </Rows>
                </ConfigurationTable>
            </ConfigurationTables>
            <ParameterDefinitions></ParameterDefinitions>
            <Things></Things>
            <ThingShapes></ThingShapes>
            <ThingTemplates></ThingTemplates>
            <mashupContent>
            <![CDATA[{
  "CustomMashupCss": "",
  "Data": {
    "Session": {
      "DataName": "Session",
      "EntityName": "",
      "EntityType": "Session",
      "Id": "session",
      "Services": [
        {
          "APIMethod": "post",
          "Characteristic": "Services",
          "Id": "SessionInterface",
          "Name": "GetGlobalSessionValues",
          "Parameters": {},
          "RefreshInterval": 0,
          "Target": "GetGlobalSessionValues"
        }
      ]
    },
    "Things_TestMaps": {
      "DataName": "Things_TestMaps",
      "EntityName": "TestMaps",
      "EntityType": "Things",
      "Id": "6f23c5e4-c99c-465a-abd0-06779a73083a",
      "RefreshInterval": 0,
      "Services": [
        {
          "APIMethod": "post",
          "Characteristic": "Services",
          "Id": "95a6198f-3782-4601-82c4-a8f6e8e109d7",
          "Name": "RegionAllData",
          "Parameters": {},
          "RefreshInterval": 0,
          "Target": "RegionAllData"
        },
        {
          "APIMethod": "post",
          "Characteristic": "Services",
          "Id": "0fb2c6d2-a030-4998-b218-0ae81de6d827",
          "Name": "JSONtoInfotable",
          "Parameters": {},
          "RefreshInterval": 0,
          "Target": "JSONtoInfotable"
        },
        {
          "APIMethod": "post",
          "Characteristic": "Services",
          "Id": "aa8925b5-0ed1-4b08-908c-4d68ae54c78c",
          "Name": "location",
          "Parameters": {},
          "RefreshInterval": 0,
          "Target": "location"
        }
      ]
    },
    "UserExtensions": {
      "DataName": "UserExtensions",
      "EntityName": "",
      "EntityType": "UserExtensions",
      "Id": "UserExtensions",
      "Services": [
        {
          "APIMethod": "post",
          "Characteristic": "Services",
          "Id": "UserExtensionInterface",
          "Name": "GetCurrentUserExtensionProperties",
          "Parameters": {},
          "RefreshInterval": 0,
          "Target": "GetCurrentUserExtensionProperties"
        }
      ]
    }
  },
  "DataBindings": [
    {
      "Id": "4685464645132874",
      "PropertyMaps": [
        {
          "SourceProperty": "result",
          "SourcePropertyBaseType": "STRING",
          "SourcePropertyType": "Field",
          "TargetProperty": "Text",
          "TargetPropertyBaseType": "STRING",
          "TargetPropertyType": "property"
        }
      ],
      "SourceArea": "Data",
      "SourceDetails": "AllData",
      "SourceId": "RegionAllData",
      "SourceSection": "Things_TestMaps",
      "TargetArea": "UI",
      "TargetId": "ptcstextarea-27",
      "TargetSection": ""
    },
    {
      "Id": "6317608892408278",
      "PropertyMaps": [
        {
          "SourceProperty": "RegionAllDataUpdated",
          "SourcePropertyBaseType": "INFOTABLE",
          "SourcePropertyType": "Property",
          "TargetProperty": "Data",
          "TargetPropertyBaseType": "INFOTABLE",
          "TargetPropertyType": "property"
        }
      ],
      "SourceArea": "UI",
      "SourceDetails": "",
      "SourceId": "openstreetmap-16",
      "SourceSection": "",
      "TargetArea": "UI",
      "TargetId": "gridadvanced-23",
      "TargetSection": ""
    },
    {
      "Id": "8330311295692752",
      "PropertyMaps": [
        {
          "SourceProperty": "Text",
          "SourcePropertyBaseType": "STRING",
          "SourcePropertyType": "Property",
          "TargetProperty": "id_supplier",
          "TargetPropertyBaseType": "INTEGER",
          "TargetPropertyType": "Parameter"
        }
      ],
      "SourceArea": "UI",
      "SourceDetails": "",
      "SourceId": "ptcstextfield-28",
      "SourceSection": "",
      "TargetArea": "Data",
      "TargetId": "JSONtoInfotable",
      "TargetSection": "Things_TestMaps"
    },
    {
      "Id": "5666590117033773",
      "PropertyMaps": [
        {
          "SourceProperty": "",
          "SourcePropertyBaseType": "INFOTABLE",
          "SourcePropertyType": "InfoTable",
          "TargetProperty": "RegionData",
          "TargetPropertyBaseType": "INFOTABLE",
          "TargetPropertyType": "property"
        }
      ],
      "SourceArea": "Data",
      "SourceDetails": "AllData",
      "SourceId": "JSONtoInfotable",
      "SourceSection": "Things_TestMaps",
      "TargetArea": "UI",
      "TargetId": "openstreetmap-16",
      "TargetSection": ""
    },
    {
      "Id": "848235979385239",
      "PropertyMaps": [
        {
          "SourceProperty": "",
          "SourcePropertyBaseType": "INFOTABLE",
          "SourcePropertyType": "InfoTable",
          "TargetProperty": "Data",
          "TargetPropertyBaseType": "INFOTABLE",
          "TargetPropertyType": "property"
        }
      ],
      "SourceArea": "Data",
      "SourceDetails": "AllData",
      "SourceId": "JSONtoInfotable",
      "SourceName": "JSONtoInfotable",
      "SourceSection": "Things_TestMaps",
      "TargetArea": "UI",
      "TargetId": "gridadvanced-24",
      "TargetSection": ""
    },
    {
      "Id": "2571432912336034",
      "PropertyMaps": [
        {
          "SourceProperty": "region",
          "SourcePropertyBaseType": "INFOTABLE",
          "SourcePropertyType": "Field",
          "TargetProperty": "RegionLocationData",
          "TargetPropertyBaseType": "INFOTABLE",
          "TargetPropertyType": "property"
        }
      ],
      "SourceArea": "Data",
      "SourceDetails": "SelectedRows",
      "SourceId": "JSONtoInfotable",
      "SourceSection": "Things_TestMaps",
      "TargetArea": "UI",
      "TargetId": "openstreetmap-16",
      "TargetSection": ""
    },
    {
      "Id": "210895826276778",
      "PropertyMaps": [
        {
          "SourceProperty": "RegionAllDataUpdated",
          "SourcePropertyBaseType": "INFOTABLE",
          "SourcePropertyType": "property",
          "TargetProperty": "data",
          "TargetPropertyBaseType": "INFOTABLE",
          "TargetPropertyType": "Parameter"
        }
      ],
      "SourceArea": "UI",
      "SourceId": "openstreetmap-16",
      "SourceSection": "",
      "TargetArea": "Data",
      "TargetId": "RegionAllData",
      "TargetSection": "Things_TestMaps"
    },
    {
      "Id": "8971191641581271",
      "PropertyMaps": [
        {
          "SourceProperty": "Text",
          "SourcePropertyBaseType": "STRING",
          "SourcePropertyType": "Property",
          "TargetProperty": "id_supplier",
          "TargetPropertyBaseType": "INTEGER",
          "TargetPropertyType": "Parameter"
        }
      ],
      "SourceArea": "UI",
      "SourceDetails": "",
      "SourceId": "ptcstextfield-28",
      "SourceSection": "",
      "TargetArea": "Data",
      "TargetId": "location",
      "TargetSection": "Things_TestMaps"
    },
    {
      "Id": "3787126093959469",
      "PropertyMaps": [
        {
          "SourceProperty": "SelectedLocation",
          "SourcePropertyBaseType": "LOCATION",
          "SourcePropertyType": "Property",
          "TargetProperty": "gls_coordinates",
          "TargetPropertyBaseType": "LOCATION",
          "TargetPropertyType": "Parameter"
        }
      ],
      "SourceArea": "UI",
      "SourceDetails": "",
      "SourceId": "openstreetmap-16",
      "SourceSection": "",
      "TargetArea": "Data",
      "TargetId": "RegionAllData",
      "TargetSection": "Things_TestMaps"
    },
    {
      "Id": "7546986341643538",
      "PropertyMaps": [
        {
          "SourceProperty": "SelectedLocation",
          "SourcePropertyBaseType": "LOCATION",
          "SourcePropertyType": "property",
          "TargetProperty": "Text",
          "TargetPropertyBaseType": "STRING",
          "TargetPropertyType": "property"
        }
      ],
      "SourceArea": "UI",
      "SourceId": "openstreetmap-16",
      "SourceSection": "",
      "TargetArea": "UI",
      "TargetId": "ptcstextfield-31",
      "TargetSection": ""
    },
    {
      "Id": "6194262390845829",
      "PropertyMaps": [
        {
          "SourceProperty": "result",
          "SourcePropertyBaseType": "LOCATION",
          "SourcePropertyType": "Field",
          "TargetProperty": "SelectedLocation",
          "TargetPropertyBaseType": "LOCATION",
          "TargetPropertyType": "property"
        }
      ],
      "SourceArea": "Data",
      "SourceDetails": "AllData",
      "SourceId": "location",
      "SourceSection": "Things_TestMaps",
      "TargetArea": "UI",
      "TargetId": "openstreetmap-16",
      "TargetSection": ""
    },
    {
      "Id": "8148076565484109",
      "PropertyMaps": [
        {
          "SourceProperty": "region",
          "SourcePropertyBaseType": "INFOTABLE",
          "SourcePropertyType": "Field",
          "TargetProperty": "Data",
          "TargetPropertyBaseType": "INFOTABLE",
          "TargetPropertyType": "property"
        }
      ],
      "SourceArea": "Data",
      "SourceDetails": "SelectedRows",
      "SourceId": "JSONtoInfotable",
      "SourceName": "JSONtoInfotable",
      "SourceSection": "Things_TestMaps",
      "TargetArea": "UI",
      "TargetId": "gridadvanced-22",
      "TargetSection": ""
    }
  ],
  "DesignTimePermissions": {},
  "Events": [
    {
      "EventHandlerArea": "Data",
      "EventHandlerId": "Things_TestMaps",
      "EventHandlerService": "JSONtoInfotable",
      "EventTriggerArea": "UI",
      "EventTriggerEvent": "Clicked",
      "EventTriggerId": "ptcsbutton-29",
      "EventTriggerSection": "",
      "Id": "5924638762112658"
    },
    {
      "EventHandlerArea": "Data",
      "EventHandlerId": "Things_TestMaps",
      "EventHandlerService": "RegionAllData",
      "EventTriggerArea": "UI",
      "EventTriggerEvent": "Clicked",
      "EventTriggerId": "ptcsbutton-30",
      "EventTriggerSection": "",
      "Id": "5004046866226874"
    },
    {
      "EventHandlerArea": "Data",
      "EventHandlerId": "Things_TestMaps",
      "EventHandlerService": "location",
      "EventTriggerArea": "UI",
      "EventTriggerEvent": "Clicked",
      "EventTriggerId": "ptcsbutton-29",
      "EventTriggerSection": "",
      "Id": "2446496410215665"
    }
  ],
  "RunTimePermissions": {},
  "UI": {
    "Properties": {
      "AddToDashboardButton": "SimplePlus",
      "AddToDashboardButtonStyle": "DefaultAddToDashboardButtonStyle",
      "Area": "Mashup",
      "BGImage": "",
      "BGImageRepeat": "no-repeat",
      "BGImageSize": "auto",
      "Columns": 0,
      "ConfigureGadgetButton": "SimpleGear",
      "ConfigureGadgetButtonStyle": "DefaultConfigureGadgetButtonStyle",
      "DisplayName": "Mashup",
      "EnableParameterEditing": false,
      "Height": 618,
      "Id": "mashup-root",
      "IgnoreWarningsInViewMashup": false,
      "IsPrintLayout": false,
      "Left": 0,
      "MashupToEditGadget": "DefaultMashupToEditGadget",
      "MinHeight": 0,
      "MinWidth": 0,
      "ResponsiveLayout": true,
      "Rows": 0,
      "ShowDataLoading": true,
      "Style": "DefaultMashupStyle",
      "StyleProperties": {
        "data": {},
        "meta": {
          "type": "WidgetStyler",
          "version": "1.0"
        }
      },
      "StyleTheme": "PTC Convergence Theme",
      "Title": "",
      "TitleBar": false,
      "TitleBarStyle": "DefaultTitleBarStyle",
      "TitleBarText": "Gadget Title Here",
      "Top": 0,
      "Type": "mashup",
      "UseMasterTheme": false,
      "UseTheme": false,
      "UseThemeForHybrids": false,
      "Visible": true,
      "Width": 1024,
      "Z-index": 10,
      "__TypeDisplayName": "Mashup",
      "id_index": 34,
      "supportsAutoResize": true
    },
    "Widgets": [
      {
        "Properties": {
          "Area": "UI",
          "DisplayName": "container-2",
          "EnableExpandCollapse": false,
          "ExpandCollapseTabLocation": "inside",
          "Expanded": true,
          "Id": "flexcontainer-2",
          "LastContainer": true,
          "Overlay": false,
          "ResponsiveLayout": true,
          "ShowDataLoading": true,
          "ShowExpandCollapseTab": false,
          "SourceURL": "",
          "Style": "DefaultContainerStyle",
          "StyleProperties": {},
          "Type": "flexcontainer",
          "UseTheme": true,
          "Visible": true,
          "Z-index": 10,
          "__TypeDisplayName": "Responsive Container",
          "align-content": "flex-start",
          "align-items": "flex-start",
          "flex-basis": "auto",
          "flex-direction": "row",
          "flex-grow": 1,
          "flex-max-height": "",
          "flex-max-width": "",
          "flex-min-height": "",
          "flex-min-width": "",
          "flex-shrink": 1,
          "flex-size": "default",
          "flex-wrap": "nowrap",
          "iconClass": "widgets-flexcontainer",
          "justify-content": "flex-start",
          "positioning": "responsive",
          "userCannotRemove": true
        },
        "Widgets": [
          {
            "Properties": {
              "Area": "UI",
              "DisplayName": "container-6",
              "EnableExpandCollapse": false,
              "ExpandCollapseTabLocation": "inside",
              "Expanded": true,
              "Id": "flexcontainer-6",
              "LastContainer": false,
              "Overlay": false,
              "ResponsiveLayout": true,
              "ShowDataLoading": true,
              "ShowExpandCollapseTab": false,
              "SourceURL": "",
              "Style": "DefaultContainerStyle",
              "StyleProperties": {},
              "Type": "flexcontainer",
              "UseTheme": true,
              "Visible": true,
              "Z-index": 10,
              "__TypeDisplayName": "Responsive Container",
              "align-content": "flex-start",
              "align-items": "flex-start",
              "flex-basis": "auto",
              "flex-direction": "row",
              "flex-grow": 1,
              "flex-max-height": "",
              "flex-max-width": "35px",
              "flex-min-height": "",
              "flex-min-width": "35px",
              "flex-shrink": 1,
              "flex-size": "fixed",
              "flex-wrap": "nowrap",
              "iconClass": "widgets-flexcontainer-fixed",
              "isLocked": false,
              "justify-content": "flex-start",
              "positioning": "responsive",
              "userCannotRemove": false
            },
            "Widgets": []
          },
          {
            "Properties": {
              "Area": "UI",
              "DisplayName": "container-4",
              "EnableExpandCollapse": false,
              "ExpandCollapseTabLocation": "inside",
              "Expanded": true,
              "Id": "flexcontainer-4",
              "LastContainer": true,
              "Overlay": false,
              "ResponsiveLayout": false,
              "ShowDataLoading": true,
              "ShowExpandCollapseTab": false,
              "SourceURL": "",
              "Style": "DefaultContainerStyle",
              "StyleProperties": {},
              "Type": "flexcontainer",
              "UseTheme": true,
              "Visible": true,
              "Z-index": 10,
              "__TypeDisplayName": "Responsive Container",
              "align-content": "flex-start",
              "align-items": "flex-start",
              "flex-basis": "auto",
              "flex-direction": "column",
              "flex-grow": 1,
              "flex-max-height": "",
              "flex-max-width": "",
              "flex-min-height": "",
              "flex-min-width": "",
              "flex-shrink": 1,
              "flex-size": "default",
              "flex-wrap": "nowrap",
              "iconClass": "widgets-flexcontainer",
              "isLocked": true,
              "justify-content": "flex-start",
              "positioning": "responsive",
              "userCannotRemove": false
            },
            "Widgets": [
              {
                "Properties": {
                  "Area": "UI",
                  "DisplayName": "container-8",
                  "EnableExpandCollapse": false,
                  "ExpandCollapseTabLocation": "inside",
                  "Expanded": true,
                  "Id": "flexcontainer-8",
                  "LastContainer": false,
                  "Overlay": false,
                  "ResponsiveLayout": false,
                  "ShowDataLoading": true,
                  "ShowExpandCollapseTab": false,
                  "SourceURL": "",
                  "Style": "DefaultContainerStyle",
                  "StyleProperties": {},
                  "Type": "flexcontainer",
                  "UseTheme": true,
                  "Visible": true,
                  "Z-index": 10,
                  "__TypeDisplayName": "Responsive Container",
                  "align-content": "flex-start",
                  "align-items": "flex-start",
                  "flex-basis": "auto",
                  "flex-direction": "row",
                  "flex-grow": 1,
                  "flex-max-height": "59px",
                  "flex-max-width": "",
                  "flex-min-height": "59px",
                  "flex-min-width": "",
                  "flex-shrink": 1,
                  "flex-size": "fixed",
                  "flex-wrap": "nowrap",
                  "iconClass": "widgets-flexcontainer-fixed",
                  "isLocked": false,
                  "justify-content": "flex-start",
                  "positioning": "responsive",
                  "userCannotRemove": false
                },
                "Widgets": [
                  {
                    "Properties": {
                      "Area": "UI",
                      "Counter": false,
                      "Disabled": false,
                      "DisplayName": "ptcs-textfield-32",
                      "Id": "ptcstextfield-32",
                      "Label": "",
                      "LabelAlignment": "left",
                      "LastContainer": false,
                      "Left": 319,
                      "Margin": "5",
                      "MaxNumberOfCharacters": 100,
                      "Password": false,
                      "ReadOnly": false,
                      "ResponsiveLayout": false,
                      "ShowClearText": true,
                      "ShowDataLoading": true,
                      "TabSequence": 0,
                      "TextAlignment": "left",
                      "Top": 26,
                      "Type": "ptcstextfield",
                      "UseTheme": true,
                      "Visible": true,
                      "Width": 273,
                      "Z-index": 10,
                      "__TypeDisplayName": "Text Field"
                    },
                    "Widgets": []
                  }
                ]
              },
              {
                "Properties": {
                  "Area": "UI",
                  "DisplayName": "container-7",
                  "EnableExpandCollapse": false,
                  "ExpandCollapseTabLocation": "inside",
                  "Expanded": true,
                  "Id": "flexcontainer-7",
                  "LastContainer": false,
                  "Overlay": false,
                  "ResponsiveLayout": false,
                  "ShowDataLoading": true,
                  "ShowExpandCollapseTab": false,
                  "SourceURL": "",
                  "Style": "DefaultContainerStyle",
                  "StyleProperties": {},
                  "Type": "flexcontainer",
                  "UseTheme": true,
                  "Visible": true,
                  "Z-index": 10,
                  "__TypeDisplayName": "Responsive Container",
                  "align-content": "flex-start",
                  "align-items": "flex-start",
                  "flex-basis": "auto",
                  "flex-direction": "row",
                  "flex-grow": 1,
                  "flex-max-height": "340px",
                  "flex-max-width": "",
                  "flex-min-height": "340px",
                  "flex-min-width": "",
                  "flex-shrink": 1,
                  "flex-size": "fixed",
                  "flex-wrap": "nowrap",
                  "iconClass": "widgets-flexcontainer-fixed",
                  "isLocked": false,
                  "justify-content": "flex-start",
                  "positioning": "responsive",
                  "userCannotRemove": false
                },
                "Widgets": [
                  {
                    "Properties": {
                      "Area": "UI",
                      "AutoZoomBehavior": "every-data-change",
                      "DisplayName": "openstreetmap-16",
                      "EnableLocationSelection": true,
                      "EnableMarkerCreation": true,
                      "EnableMarkerSelection": false,
                      "EnableRegionCreation": true,
                      "EnableRegionSelection": false,
                      "EnableSearchField": true,
                      "EndMarkerStyle": "DefaultMapEndStyle",
                      "Height": 200,
                      "Id": "openstreetmap-16",
                      "LastContainer": false,
                      "Left": 114,
                      "MapView": "POLITICAL",
                      "MarkerFormatting_StateParameters": [],
                      "MarkerHeight": 32,
                      "MarkerIconField": "",
                      "MarkerLocationField": "gps_coordinates",
                      "MarkerSelection": "single",
                      "MarkerStyle": "DefaultMapMarkerStyle",
                      "MarkerTooltipField": "gps_coordinates",
                      "MarkerWidth": 32,
                      "MashupParameters": [
                        {
                          "BaseType": "STRING",
                          "Description": "",
                          "ParameterName": "project_number"
                        },
                        {
                          "BaseType": "STRING",
                          "Description": "",
                          "ParameterName": "bu_code_owner"
                        },
                        {
                          "BaseType": "STRING",
                          "Description": "",
                          "ParameterName": "bu_type"
                        },
                        {
                          "BaseType": "STRING",
                          "Description": "",
                          "ParameterName": "project_name"
                        }
                      ],
                      "MultiSelect": false,
                      "PathStyle": "DefaultMapPathStyle",
                      "PlannedRouteLocationField": "location",
                      "PlannedRouteStyle": "DefaultMapRouteStyle",
                      "RegionFillOpacity": 1,
                      "RegionFormattingAuto_StateParameters": [],
                      "RegionFormatting_StateParameters": [],
                      "RegionLocationField": "location",
                      "RegionLocationsField": "region",
                      "RegionMultiSelect": false,
                      "RegionSelection": "none",
                      "RegionStyle": "DefaultMapRegionStyle",
                      "ResponsiveLayout": true,
                      "RouteLocationField": "location",
                      "RouteStyle": "DefaultMapRouteStyle",
                      "SelectedMarkerStyle": "DefaultMapSelectedStyle",
                      "SelectedRegionStyle": "DefaultMapRegionSelectedStyle",
                      "SelectionMarkerStyle": "DefaultMapSelectionStyle",
                      "ShowDataLoading": true,
                      "ShowEndMarker": true,
                      "ShowMarkerTooltips": true,
                      "ShowMarkers": true,
                      "ShowPathBetweenMarkers": false,
                      "ShowPlannedRoute": false,
                      "ShowRegionTooltip": false,
                      "ShowRegionTooltips": true,
                      "ShowRegions": true,
                      "ShowRoute": false,
                      "ShowSelectionMarker": true,
                      "ShowStartMarker": true,
                      "StartMarkerStyle": "DefaultMapStartStyle",
                      "TooltipMashupHeight": 618,
                      "TooltipMashupName": "IK.SupplyBOMAssociation.Mashup",
                      "TooltipMashupWidth": 1024,
                      "TooltipShownWhen": "CLICK",
                      "TooltipType": "TEXT",
                      "Top": 36,
                      "Type": "openstreetmap",
                      "Visible": true,
                      "Width": 400,
                      "Z-index": 10,
                      "Zoom": 4,
                      "__TypeDisplayName": "OpenStreetMap"
                    },
                    "Widgets": []
                  }
                ]
              },
              {
                "Properties": {
                  "Area": "UI",
                  "DisplayName": "container-9",
                  "EnableExpandCollapse": false,
                  "ExpandCollapseTabLocation": "inside",
                  "Expanded": true,
                  "Id": "flexcontainer-9",
                  "LastContainer": false,
                  "Overlay": false,
                  "ResponsiveLayout": true,
                  "ShowDataLoading": true,
                  "ShowExpandCollapseTab": false,
                  "SourceURL": "",
                  "Style": "DefaultContainerStyle",
                  "StyleProperties": {},
                  "Type": "flexcontainer",
                  "UseTheme": true,
                  "Visible": true,
                  "Z-index": 10,
                  "__TypeDisplayName": "Responsive Container",
                  "align-content": "flex-start",
                  "align-items": "flex-start",
                  "flex-basis": "auto",
                  "flex-direction": "row",
                  "flex-grow": 1,
                  "flex-max-height": "46px",
                  "flex-max-width": "",
                  "flex-min-height": "46px",
                  "flex-min-width": "",
                  "flex-shrink": 1,
                  "flex-size": "fixed",
                  "flex-wrap": "nowrap",
                  "iconClass": "widgets-flexcontainer-fixed",
                  "isLocked": false,
                  "justify-content": "flex-start",
                  "positioning": "responsive",
                  "userCannotRemove": false
                },
                "Widgets": [
                  {
                    "Properties": {
                      "Area": "UI",
                      "Counter": false,
                      "Disabled": false,
                      "DisplayName": "ptcs-textfield-31",
                      "Id": "ptcstextfield-31",
                      "Label": "",
                      "LabelAlignment": "left",
                      "LastContainer": false,
                      "Left": 9.015625,
                      "Margin": "5",
                      "MaxNumberOfCharacters": 100,
                      "Password": false,
                      "ReadOnly": false,
                      "ResponsiveLayout": false,
                      "ShowClearText": true,
                      "ShowDataLoading": true,
                      "TabSequence": 0,
                      "TextAlignment": "left",
                      "Top": 6,
                      "Type": "ptcstextfield",
                      "UseTheme": true,
                      "Visible": true,
                      "Width": 273,
                      "Z-index": 10,
                      "__TypeDisplayName": "Text Field"
                    },
                    "Widgets": []
                  },
                  {
                    "Properties": {
                      "Area": "UI",
                      "ButtonType": "primary",
                      "ContextID": "",
                      "Disabled": false,
                      "DisplayName": "ptcs-button-30",
                      "Id": "ptcsbutton-30",
                      "Label": "Save Polygon",
                      "LabelAlignment": "center",
                      "LastContainer": false,
                      "Left": 680,
                      "Margin": "5",
                      "ResponsiveLayout": false,
                      "ShowDataLoading": true,
                      "TabSequence": 0,
                      "Top": 19.666664123535156,
                      "Type": "ptcsbutton",
                      "UseTheme": true,
                      "Visible": true,
                      "Z-index": 10,
                      "__TypeDisplayName": "Button"
                    },
                    "Widgets": []
                  },
                  {
                    "Properties": {
                      "Area": "UI",
                      "Counter": false,
                      "Disabled": false,
                      "DisplayName": "ptcs-textfield-28",
                      "Id": "ptcstextfield-28",
                      "Label": "",
                      "LabelAlignment": "left",
                      "LastContainer": false,
                      "Left": 374.0104064941406,
                      "Margin": "5",
                      "MaxNumberOfCharacters": 100,
                      "Password": false,
                      "ReadOnly": false,
                      "ResponsiveLayout": false,
                      "ShowClearText": true,
                      "ShowDataLoading": true,
                      "TabSequence": 0,
                      "TextAlignment": "left",
                      "Top": 10.572914123535156,
                      "Type": "ptcstextfield",
                      "UseTheme": true,
                      "Visible": true,
                      "Width": 273,
                      "Z-index": 10,
                      "__TypeDisplayName": "Text Field"
                    },
                    "Widgets": []
                  },
                  {
                    "Properties": {
                      "Area": "UI",
                      "ButtonType": "primary",
                      "ContextID": "",
                      "Disabled": false,
                      "DisplayName": "ptcs-button-29",
                      "Id": "ptcsbutton-29",
                      "Label": "Retrive polygon",
                      "LabelAlignment": "center",
                      "LastContainer": false,
                      "Left": 592.0138854980469,
                      "Margin": "5",
                      "ResponsiveLayout": false,
                      "ShowDataLoading": true,
                      "TabSequence": 0,
                      "Top": 20.572914123535156,
                      "Type": "ptcsbutton",
                      "UseTheme": true,
                      "Visible": true,
                      "Z-index": 10,
                      "__TypeDisplayName": "Button"
                    },
                    "Widgets": []
                  }
                ]
              },
              {
                "Properties": {
                  "Area": "UI",
                  "DisplayName": "container-10",
                  "EnableExpandCollapse": false,
                  "ExpandCollapseTabLocation": "inside",
                  "Expanded": true,
                  "Id": "flexcontainer-10",
                  "LastContainer": true,
                  "Overlay": false,
                  "ResponsiveLayout": true,
                  "ShowDataLoading": true,
                  "ShowExpandCollapseTab": false,
                  "SourceURL": "",
                  "Style": "DefaultContainerStyle",
                  "StyleProperties": {},
                  "Type": "flexcontainer",
                  "UseTheme": true,
                  "Visible": true,
                  "Z-index": 10,
                  "__TypeDisplayName": "Responsive Container",
                  "align-content": "flex-start",
                  "align-items": "flex-start",
                  "flex-basis": "auto",
                  "flex-direction": "row",
                  "flex-grow": 1,
                  "flex-max-height": "",
                  "flex-max-width": "",
                  "flex-min-height": "",
                  "flex-min-width": "",
                  "flex-shrink": 1,
                  "flex-size": "default",
                  "flex-wrap": "nowrap",
                  "iconClass": "widgets-flexcontainer",
                  "isLocked": true,
                  "justify-content": "flex-start",
                  "positioning": "responsive",
                  "userCannotRemove": false
                },
                "Widgets": [
                  {
                    "Properties": {
                      "Area": "UI",
                      "DisplayName": "container-18",
                      "EnableExpandCollapse": false,
                      "ExpandCollapseTabLocation": "inside",
                      "Expanded": true,
                      "Id": "flexcontainer-18",
                      "LastContainer": false,
                      "Overlay": false,
                      "ResponsiveLayout": false,
                      "ShowDataLoading": true,
                      "ShowExpandCollapseTab": false,
                      "SourceURL": "",
                      "Style": "DefaultContainerStyle",
                      "StyleProperties": {},
                      "Type": "flexcontainer",
                      "UseTheme": true,
                      "Visible": true,
                      "Z-index": 10,
                      "__TypeDisplayName": "Responsive Container",
                      "align-content": "flex-start",
                      "align-items": "flex-start",
                      "flex-basis": "auto",
                      "flex-direction": "row",
                      "flex-grow": 1,
                      "flex-max-height": "",
                      "flex-max-width": "",
                      "flex-min-height": "",
                      "flex-min-width": "",
                      "flex-shrink": 1,
                      "flex-size": "default",
                      "flex-wrap": "nowrap",
                      "iconClass": "widgets-flexcontainer",
                      "isLocked": false,
                      "justify-content": "flex-start",
                      "positioning": "responsive",
                      "userCannotRemove": false
                    },
                    "Widgets": [
                      {
                        "Properties": {
                          "Area": "UI",
                          "Counter": false,
                          "Disabled": false,
                          "DisplayName": "ptcs-textarea-27",
                          "Id": "ptcstextarea-27",
                          "Label": "",
                          "LabelAlignment": "left",
                          "LastContainer": false,
                          "Left": 369.0104064941406,
                          "Margin": "5",
                          "MaxNumberOfCharacters": 1000000,
                          "ReadOnly": false,
                          "ResponsiveLayout": false,
                          "ShowDataLoading": true,
                          "TabSequence": 0,
                          "TextAlignment": "left",
                          "Top": 25.572914123535156,
                          "Type": "ptcstextarea",
                          "UseTheme": true,
                          "Visible": true,
                          "Width": 273,
                          "Z-index": 10,
                          "__TypeDisplayName": "Text Area"
                        },
                        "Widgets": []
                      }
                    ]
                  },
                  {
                    "Properties": {
                      "Area": "UI",
                      "DisplayName": "container-33",
                      "EnableExpandCollapse": false,
                      "ExpandCollapseTabLocation": "inside",
                      "Expanded": true,
                      "Id": "flexcontainer-33",
                      "LastContainer": false,
                      "Overlay": false,
                      "ResponsiveLayout": true,
                      "ShowDataLoading": true,
                      "ShowExpandCollapseTab": false,
                      "SourceURL": "",
                      "Style": "DefaultContainerStyle",
                      "StyleProperties": {},
                      "Type": "flexcontainer",
                      "UseTheme": true,
                      "Visible": true,
                      "Z-index": 10,
                      "__TypeDisplayName": "Responsive Container",
                      "align-content": "flex-start",
                      "align-items": "flex-start",
                      "flex-basis": "auto",
                      "flex-direction": "row",
                      "flex-grow": 1,
                      "flex-max-height": "",
                      "flex-max-width": "",
                      "flex-min-height": "",
                      "flex-min-width": "",
                      "flex-shrink": 1,
                      "flex-size": "default",
                      "flex-wrap": "nowrap",
                      "iconClass": "widgets-flexcontainer",
                      "isLocked": false,
                      "justify-content": "flex-start",
                      "positioning": "responsive",
                      "userCannotRemove": false
                    },
                    "Widgets": [
                      {
                        "Properties": {
                          "Area": "UI",
                          "AutoScroll": true,
                          "CellBorderStyle": "DefaultGridAdvancedCellBorderStyle",
                          "CellValidationErrorStyle": "DefaultGridAdvancedCellValidationErrorStyle",
                          "CellValidationErrorTooltipStyle": "DefaultGridAdvancedCellValidationErrorTooltipStyle",
                          "ColumnFormat": {
                            "formatInfo": [
                              {
                                "Align": "left",
                                "AllowEdit": false,
                                "Description": "",
                                "FieldName": "name",
                                "FormatOptions": {
                                  "FormatString": "unsanitized",
                                  "formatInfo": {
                                    "StateFormats": []
                                  },
                                  "formatText": "View",
                                  "renderer": "HTML",
                                  "roundingEnabled": true,
                                  "showDependentField": false
                                },
                                "Title": "name",
                                "ValidationExpression": "",
                                "ValidationMessage": "",
                                "Width": "auto",
                                "headerTextAlignment": "left",
                                "hidden": false,
                                "inLayout": true
                              },
                              {
                                "Align": "left",
                                "AllowEdit": false,
                                "Description": "",
                                "FieldName": "gps_coordinates",
                                "FormatOptions": {
                                  "FormatString": "0.0000",
                                  "formatInfo": {
                                    "StateFormats": []
                                  },
                                  "formatText": "View",
                                  "renderer": "LOCATION",
                                  "roundingEnabled": true,
                                  "showDependentField": false
                                },
                                "Title": "gps_coordinates",
                                "ValidationExpression": "",
                                "ValidationMessage": "",
                                "Width": "auto",
                                "headerTextAlignment": "left",
                                "hidden": false,
                                "inLayout": true
                              },
                              {
                                "Align": "left",
                                "AllowEdit": false,
                                "Description": "",
                                "FieldName": "industry",
                                "FormatOptions": {
                                  "FormatString": "raw",
                                  "formatInfo": {
                                    "StateFormats": []
                                  },
                                  "formatText": "View",
                                  "renderer": "HTML",
                                  "roundingEnabled": true,
                                  "showDependentField": false
                                },
                                "Title": "industry",
                                "ValidationExpression": "",
                                "ValidationMessage": "",
                                "Width": "auto",
                                "headerTextAlignment": "left",
                                "hidden": true,
                                "inLayout": false
                              }
                            ]
                          },
                          "Configuration": "",
                          "ConfigurationId": 2,
                          "CookiePersistence": true,
                          "DataOverflow": "clipped",
                          "DataServiceBindingDef": {
                            "dataName": "Things_IK.SupplyObjectsLibrary.Thing",
                            "entityName": "IK.SupplyObjectsLibrary.Thing",
                            "entityType": "Things",
                            "sourceId": "getGpsCoordinates",
                            "target": "getGpsCoordinates"
                          },
                          "DefaultSelectedRows": "",
                          "DisplayName": "gridadvanced-34",
                          "DisplayOnlyMode": false,
                          "EditButtonsLocation": "top-right",
                          "EnableAddDeleteButtons": false,
                          "EnableCallbackOnSelectedRowsChange": true,
                          "EnableContextMenu": true,
                          "EnableEditButtons": false,
                          "EnableFilterEventOnConfigChange": true,
                          "EnableFooter": false,
                          "EnableGridReset": false,
                          "EnableGridSearch": false,
                          "EnableKeyboardNavigation": true,
                          "EnableSorting": false,
                          "FocusStyle": "DefaultFocusStyle",
                          "GridResetButtonLocation": "top-right",
                          "GridSearchLocation": "top-left",
                          "HeaderOverflow": "tooltip",
                          "Height": 200,
                          "IDFieldName": "id",
                          "Id": "gridadvanced-34",
                          "IsEditable": false,
                          "LastContainer": false,
                          "Left": 59.010406494140625,
                          "Margin": "5",
                          "MaxHeaderHeight": 100,
                          "MinRowHeight": 30,
                          "ResponsiveLayout": true,
                          "RowAlternateBackgroundStyle": "DefaultGridAdvancedRowAlternateBackgroundStyle",
                          "RowBackgroundStyle": "DefaultGridAdvancedRowBackgroundStyle",
                          "RowBorderStyle": "DefaultGridAdvancedRowBorderStyle",
                          "RowFormat_StateParameters": [],
                          "RowHoverStyle": "DefaultGridAdvancedRowHoverStyle",
                          "RowSelectedStyle": "DefaultGridAdvancedRowSelectedStyle",
                          "RowSelection": "none",
                          "SelectedRows": "",
                          "ShowDataLoading": true,
                          "SortAscendingStyle": "DefaultSortAscendingStyle",
                          "SortDescendingStyle": "DefaultSortDescendingStyle",
                          "TableFooterStyle": "DefaultGridAdvancedFooterStyle",
                          "TableHeaderStyle": "DefaultGridAdvancedHeaderStyle",
                          "TableWrapperStyle": "DefaultGridAdvancedWrapperStyle",
                          "ToolbarStyle": "DefaultToolbarStyle",
                          "TooltipStyle": "DefaultTooltipStyle",
                          "Top": 30.572914123535156,
                          "Type": "gridadvanced",
                          "UseTheme": false,
                          "Visible": true,
                          "Width": 400,
                          "Z-index": 10,
                          "__TypeDisplayName": "Grid Advanced"
                        },
                        "Widgets": []
                      }
                    ]
                  },
                  {
                    "Properties": {
                      "Area": "UI",
                      "DisplayName": "container-19",
                      "EnableExpandCollapse": false,
                      "ExpandCollapseTabLocation": "inside",
                      "Expanded": true,
                      "Id": "flexcontainer-19",
                      "LastContainer": false,
                      "Overlay": false,
                      "ResponsiveLayout": true,
                      "ShowDataLoading": true,
                      "ShowExpandCollapseTab": false,
                      "SourceURL": "",
                      "Style": "DefaultContainerStyle",
                      "StyleProperties": {},
                      "Type": "flexcontainer",
                      "UseTheme": true,
                      "Visible": true,
                      "Z-index": 10,
                      "__TypeDisplayName": "Responsive Container",
                      "align-content": "flex-start",
                      "align-items": "flex-start",
                      "flex-basis": "auto",
                      "flex-direction": "row",
                      "flex-grow": 1,
                      "flex-max-height": "",
                      "flex-max-width": "",
                      "flex-min-height": "",
                      "flex-min-width": "",
                      "flex-shrink": 1,
                      "flex-size": "default",
                      "flex-wrap": "nowrap",
                      "iconClass": "widgets-flexcontainer",
                      "isLocked": false,
                      "justify-content": "flex-start",
                      "positioning": "responsive",
                      "userCannotRemove": false
                    },
                    "Widgets": [
                      {
                        "Properties": {
                          "Area": "UI",
                          "AutoScroll": true,
                          "CellBorderStyle": "DefaultGridAdvancedCellBorderStyle",
                          "CellValidationErrorStyle": "DefaultGridAdvancedCellValidationErrorStyle",
                          "CellValidationErrorTooltipStyle": "DefaultGridAdvancedCellValidationErrorTooltipStyle",
                          "ColumnFormat": {
                            "formatInfo": [
                              {
                                "Align": "left",
                                "AllowEdit": false,
                                "FieldName": "RegionAllDataUpdated",
                                "FormatOptions": {
                                  "renderer": "DEFAULT"
                                },
                                "Title": "RegionAllDataUpdated",
                                "ValidationExpression": "",
                                "ValidationMessage": "",
                                "Width": "auto"
                              }
                            ]
                          },
                          "Configuration": "",
                          "ConfigurationId": 1,
                          "CookiePersistence": true,
                          "DataOverflow": "clipped",
                          "DataServiceBindingDef": {
                            "dataName": "Things_TestMaps",
                            "entityName": "TestMaps",
                            "entityType": "Things",
                            "target": "RegionAllData"
                          },
                          "DefaultSelectedRows": "",
                          "DisplayName": "gridadvanced-23",
                          "DisplayOnlyMode": false,
                          "EditButtonsLocation": "top-right",
                          "EnableAddDeleteButtons": false,
                          "EnableCallbackOnSelectedRowsChange": true,
                          "EnableContextMenu": true,
                          "EnableEditButtons": false,
                          "EnableFilterEventOnConfigChange": true,
                          "EnableFooter": false,
                          "EnableGridReset": false,
                          "EnableGridSearch": false,
                          "EnableKeyboardNavigation": true,
                          "EnableSorting": false,
                          "FocusStyle": "DefaultFocusStyle",
                          "GridResetButtonLocation": "top-right",
                          "GridSearchLocation": "top-left",
                          "HeaderOverflow": "tooltip",
                          "Height": 200,
                          "IDFieldName": "id",
                          "Id": "gridadvanced-23",
                          "IsEditable": false,
                          "LastContainer": false,
                          "Left": 59.010406494140625,
                          "Margin": "5",
                          "MaxHeaderHeight": 100,
                          "MinRowHeight": 30,
                          "ResponsiveLayout": true,
                          "RowAlternateBackgroundStyle": "DefaultGridAdvancedRowAlternateBackgroundStyle",
                          "RowBackgroundStyle": "DefaultGridAdvancedRowBackgroundStyle",
                          "RowBorderStyle": "DefaultGridAdvancedRowBorderStyle",
                          "RowFormat_StateParameters": [],
                          "RowHoverStyle": "DefaultGridAdvancedRowHoverStyle",
                          "RowSelectedStyle": "DefaultGridAdvancedRowSelectedStyle",
                          "RowSelection": "none",
                          "SelectedRows": "",
                          "ShowDataLoading": true,
                          "SortAscendingStyle": "DefaultSortAscendingStyle",
                          "SortDescendingStyle": "DefaultSortDescendingStyle",
                          "TableFooterStyle": "DefaultGridAdvancedFooterStyle",
                          "TableHeaderStyle": "DefaultGridAdvancedHeaderStyle",
                          "TableWrapperStyle": "DefaultGridAdvancedWrapperStyle",
                          "ToolbarStyle": "DefaultToolbarStyle",
                          "TooltipStyle": "DefaultTooltipStyle",
                          "Top": 30.572914123535156,
                          "Type": "gridadvanced",
                          "UseTheme": false,
                          "Visible": true,
                          "Width": 400,
                          "Z-index": 10,
                          "__TypeDisplayName": "Grid Advanced"
                        },
                        "Widgets": []
                      }
                    ]
                  },
                  {
                    "Properties": {
                      "Area": "UI",
                      "DisplayName": "container-20",
                      "EnableExpandCollapse": false,
                      "ExpandCollapseTabLocation": "inside",
                      "Expanded": true,
                      "Id": "flexcontainer-20",
                      "LastContainer": false,
                      "Overlay": false,
                      "ResponsiveLayout": true,
                      "ShowDataLoading": true,
                      "ShowExpandCollapseTab": false,
                      "SourceURL": "",
                      "Style": "DefaultContainerStyle",
                      "StyleProperties": {},
                      "Type": "flexcontainer",
                      "UseTheme": true,
                      "Visible": true,
                      "Z-index": 10,
                      "__TypeDisplayName": "Responsive Container",
                      "align-content": "flex-start",
                      "align-items": "flex-start",
                      "flex-basis": "auto",
                      "flex-direction": "row",
                      "flex-grow": 1,
                      "flex-max-height": "",
                      "flex-max-width": "",
                      "flex-min-height": "",
                      "flex-min-width": "",
                      "flex-shrink": 1,
                      "flex-size": "default",
                      "flex-wrap": "nowrap",
                      "iconClass": "widgets-flexcontainer",
                      "isLocked": false,
                      "justify-content": "flex-start",
                      "positioning": "responsive",
                      "userCannotRemove": false
                    },
                    "Widgets": [
                      {
                        "Properties": {
                          "Area": "UI",
                          "AutoScroll": true,
                          "CellBorderStyle": "DefaultGridAdvancedCellBorderStyle",
                          "CellValidationErrorStyle": "DefaultGridAdvancedCellValidationErrorStyle",
                          "CellValidationErrorTooltipStyle": "DefaultGridAdvancedCellValidationErrorTooltipStyle",
                          "ColumnFormat": {
                            "formatInfo": [
                              {
                                "Align": "left",
                                "AllowEdit": false,
                                "FieldName": "location",
                                "FormatOptions": {
                                  "FormatString": "0.0000",
                                  "renderer": "LOCATION"
                                },
                                "Title": "location",
                                "ValidationExpression": "",
                                "ValidationMessage": "",
                                "Width": "auto"
                              },
                              {
                                "Align": "left",
                                "AllowEdit": false,
                                "FieldName": "order",
                                "FormatOptions": {
                                  "FormatString": "full",
                                  "renderer": "STRING"
                                },
                                "Title": "order",
                                "ValidationExpression": "",
                                "ValidationMessage": "",
                                "Width": "auto"
                              }
                            ]
                          },
                          "Configuration": "",
                          "ConfigurationId": 1,
                          "CookiePersistence": true,
                          "DataOverflow": "clipped",
                          "DataServiceBindingDef": {
                            "dataName": "Things_TestMaps",
                            "entityName": "TestMaps",
                            "entityType": "Things",
                            "sourceId": "JSONtoInfotable",
                            "target": "JSONtoInfotable"
                          },
                          "DefaultSelectedRows": "",
                          "DisplayName": "gridadvanced-22",
                          "DisplayOnlyMode": false,
                          "EditButtonsLocation": "top-right",
                          "EnableAddDeleteButtons": false,
                          "EnableCallbackOnSelectedRowsChange": true,
                          "EnableContextMenu": true,
                          "EnableEditButtons": false,
                          "EnableFilterEventOnConfigChange": true,
                          "EnableFooter": false,
                          "EnableGridReset": false,
                          "EnableGridSearch": false,
                          "EnableKeyboardNavigation": true,
                          "EnableSorting": false,
                          "FocusStyle": "DefaultFocusStyle",
                          "GridResetButtonLocation": "top-right",
                          "GridSearchLocation": "top-left",
                          "HeaderOverflow": "tooltip",
                          "Height": 200,
                          "IDFieldName": "id",
                          "Id": "gridadvanced-22",
                          "IsEditable": false,
                          "LastContainer": false,
                          "Left": 29.010406494140625,
                          "MaxHeaderHeight": 100,
                          "MinRowHeight": 30,
                          "ResponsiveLayout": true,
                          "RowAlternateBackgroundStyle": "DefaultGridAdvancedRowAlternateBackgroundStyle",
                          "RowBackgroundStyle": "DefaultGridAdvancedRowBackgroundStyle",
                          "RowBorderStyle": "DefaultGridAdvancedRowBorderStyle",
                          "RowFormat_StateParameters": [],
                          "RowHoverStyle": "DefaultGridAdvancedRowHoverStyle",
                          "RowSelectedStyle": "DefaultGridAdvancedRowSelectedStyle",
                          "RowSelection": "none",
                          "SelectedRows": "",
                          "ShowDataLoading": true,
                          "SortAscendingStyle": "DefaultSortAscendingStyle",
                          "SortDescendingStyle": "DefaultSortDescendingStyle",
                          "TableFooterStyle": "DefaultGridAdvancedFooterStyle",
                          "TableHeaderStyle": "DefaultGridAdvancedHeaderStyle",
                          "TableWrapperStyle": "DefaultGridAdvancedWrapperStyle",
                          "ToolbarStyle": "DefaultToolbarStyle",
                          "TooltipStyle": "DefaultTooltipStyle",
                          "Top": 30.572914123535156,
                          "Type": "gridadvanced",
                          "UseTheme": false,
                          "Visible": true,
                          "Width": 400,
                          "Z-index": 10,
                          "__TypeDisplayName": "Grid Advanced"
                        },
                        "Widgets": []
                      }
                    ]
                  },
                  {
                    "Properties": {
                      "Area": "UI",
                      "DisplayName": "container-21",
                      "EnableExpandCollapse": false,
                      "ExpandCollapseTabLocation": "inside",
                      "Expanded": true,
                      "Id": "flexcontainer-21",
                      "LastContainer": false,
                      "Overlay": false,
                      "ResponsiveLayout": true,
                      "ShowDataLoading": true,
                      "ShowExpandCollapseTab": false,
                      "SourceURL": "",
                      "Style": "DefaultContainerStyle",
                      "StyleProperties": {},
                      "Type": "flexcontainer",
                      "UseTheme": true,
                      "Visible": true,
                      "Z-index": 10,
                      "__TypeDisplayName": "Responsive Container",
                      "align-content": "flex-start",
                      "align-items": "flex-start",
                      "flex-basis": "auto",
                      "flex-direction": "row",
                      "flex-grow": 1,
                      "flex-max-height": "",
                      "flex-max-width": "",
                      "flex-min-height": "",
                      "flex-min-width": "",
                      "flex-shrink": 1,
                      "flex-size": "default",
                      "flex-wrap": "nowrap",
                      "iconClass": "widgets-flexcontainer",
                      "isLocked": false,
                      "justify-content": "flex-start",
                      "positioning": "responsive",
                      "userCannotRemove": false
                    },
                    "Widgets": [
                      {
                        "Properties": {
                          "Area": "UI",
                          "AutoScroll": true,
                          "CellBorderStyle": "DefaultGridAdvancedCellBorderStyle",
                          "CellValidationErrorStyle": "DefaultGridAdvancedCellValidationErrorStyle",
                          "CellValidationErrorTooltipStyle": "DefaultGridAdvancedCellValidationErrorTooltipStyle",
                          "ColumnFormat": {
                            "formatInfo": [
                              {
                                "Align": "right",
                                "AllowEdit": false,
                                "FieldName": "id",
                                "FormatOptions": {
                                  "FormatString": "0.00",
                                  "renderer": "NUMBER"
                                },
                                "Title": "id",
                                "ValidationExpression": "",
                                "ValidationMessage": "",
                                "Width": "auto"
                              },
                              {
                                "Align": "left",
                                "AllowEdit": false,
                                "FieldName": "region",
                                "FormatOptions": {
                                  "renderer": "INFOTABLE"
                                },
                                "Title": "region",
                                "ValidationExpression": "",
                                "ValidationMessage": "",
                                "Width": "auto"
                              }
                            ]
                          },
                          "Configuration": "",
                          "ConfigurationId": 1,
                          "CookiePersistence": true,
                          "DataOverflow": "clipped",
                          "DataServiceBindingDef": {
                            "dataName": "Things_TestMaps",
                            "entityName": "TestMaps",
                            "entityType": "Things",
                            "sourceId": "JSONtoInfotable",
                            "target": "JSONtoInfotable"
                          },
                          "DefaultSelectedRows": "",
                          "DisplayName": "gridadvanced-24",
                          "DisplayOnlyMode": false,
                          "EditButtonsLocation": "top-right",
                          "EnableAddDeleteButtons": false,
                          "EnableCallbackOnSelectedRowsChange": true,
                          "EnableContextMenu": true,
                          "EnableEditButtons": false,
                          "EnableFilterEventOnConfigChange": true,
                          "EnableFooter": false,
                          "EnableGridReset": false,
                          "EnableGridSearch": false,
                          "EnableKeyboardNavigation": true,
                          "EnableSorting": false,
                          "FocusStyle": "DefaultFocusStyle",
                          "GridResetButtonLocation": "top-right",
                          "GridSearchLocation": "top-left",
                          "HeaderOverflow": "tooltip",
                          "Height": 200,
                          "IDFieldName": "id",
                          "Id": "gridadvanced-24",
                          "IsEditable": false,
                          "LastContainer": false,
                          "Left": 44.010406494140625,
                          "MaxHeaderHeight": 100,
                          "MinRowHeight": 30,
                          "ResponsiveLayout": true,
                          "RowAlternateBackgroundStyle": "DefaultGridAdvancedRowAlternateBackgroundStyle",
                          "RowBackgroundStyle": "DefaultGridAdvancedRowBackgroundStyle",
                          "RowBorderStyle": "DefaultGridAdvancedRowBorderStyle",
                          "RowFormat_StateParameters": [],
                          "RowHoverStyle": "DefaultGridAdvancedRowHoverStyle",
                          "RowSelectedStyle": "DefaultGridAdvancedRowSelectedStyle",
                          "RowSelection": "single",
                          "SelectedRows": "",
                          "ShowDataLoading": true,
                          "SortAscendingStyle": "DefaultSortAscendingStyle",
                          "SortDescendingStyle": "DefaultSortDescendingStyle",
                          "TableFooterStyle": "DefaultGridAdvancedFooterStyle",
                          "TableHeaderStyle": "DefaultGridAdvancedHeaderStyle",
                          "TableWrapperStyle": "DefaultGridAdvancedWrapperStyle",
                          "ToolbarStyle": "DefaultToolbarStyle",
                          "TooltipStyle": "DefaultTooltipStyle",
                          "Top": 35.572914123535156,
                          "Type": "gridadvanced",
                          "UseTheme": false,
                          "Visible": true,
                          "Width": 400,
                          "Z-index": 10,
                          "__TypeDisplayName": "Grid Advanced"
                        },
                        "Widgets": []
                      }
                    ]
                  }
                ]
              },
              {
                "Properties": {
                  "Area": "UI",
                  "DisplayName": "container-11",
                  "EnableExpandCollapse": false,
                  "ExpandCollapseTabLocation": "inside",
                  "Expanded": true,
                  "Id": "flexcontainer-11",
                  "LastContainer": false,
                  "Overlay": false,
                  "ResponsiveLayout": true,
                  "ShowDataLoading": true,
                  "ShowExpandCollapseTab": false,
                  "SourceURL": "",
                  "Style": "DefaultContainerStyle",
                  "StyleProperties": {},
                  "Type": "flexcontainer",
                  "UseTheme": true,
                  "Visible": true,
                  "Z-index": 10,
                  "__TypeDisplayName": "Responsive Container",
                  "align-content": "flex-start",
                  "align-items": "flex-start",
                  "flex-basis": "auto",
                  "flex-direction": "row",
                  "flex-grow": 1,
                  "flex-max-height": "21px",
                  "flex-max-width": "",
                  "flex-min-height": "21px",
                  "flex-min-width": "",
                  "flex-shrink": 1,
                  "flex-size": "fixed",
                  "flex-wrap": "nowrap",
                  "iconClass": "widgets-flexcontainer-fixed",
                  "isLocked": false,
                  "justify-content": "flex-start",
                  "positioning": "responsive",
                  "userCannotRemove": false
                },
                "Widgets": []
              }
            ]
          },
          {
            "Properties": {
              "Area": "UI",
              "DisplayName": "container-5",
              "EnableExpandCollapse": false,
              "ExpandCollapseTabLocation": "inside",
              "Expanded": true,
              "Id": "flexcontainer-5",
              "LastContainer": false,
              "Overlay": false,
              "ResponsiveLayout": true,
              "ShowDataLoading": true,
              "ShowExpandCollapseTab": false,
              "SourceURL": "",
              "Style": "DefaultContainerStyle",
              "StyleProperties": {},
              "Type": "flexcontainer",
              "UseTheme": true,
              "Visible": true,
              "Z-index": 10,
              "__TypeDisplayName": "Responsive Container",
              "align-content": "flex-start",
              "align-items": "flex-start",
              "flex-basis": "auto",
              "flex-direction": "row",
              "flex-grow": 1,
              "flex-max-height": "",
              "flex-max-width": "20px",
              "flex-min-height": "",
              "flex-min-width": "20px",
              "flex-shrink": 1,
              "flex-size": "fixed",
              "flex-wrap": "nowrap",
              "iconClass": "widgets-flexcontainer-fixed",
              "isLocked": false,
              "justify-content": "flex-start",
              "positioning": "responsive",
              "userCannotRemove": false
            },
            "Widgets": []
          }
        ]
      },
      {
        "Properties": {
          "Area": "UI",
          "AutoEvaluate": false,
          "DataChangeType": "ALWAYS",
          "DisplayName": "toText",
          "Expression": "result = data;",
          "FireOnFirstValue": false,
          "Height": 28,
          "Id": "expression-26",
          "LastContainer": false,
          "Left": null,
          "OutputBaseType": "STRING",
          "ResponsiveLayout": false,
          "ShowDataLoading": true,
          "Top": null,
          "Type": "expression",
          "Visible": true,
          "Width": 200,
          "Z-index": 10,
          "__TypeDisplayName": "Expression",
          "_currentParameterDefs": [
            {
              "BaseType": "JSON",
              "Description": "",
              "ParameterName": "data",
              "bindingDirection": "Target",
              "bindingType": "Property",
              "isBindingSource": false,
              "isBindingTarget": true,
              "shown": true
            }
          ]
        },
        "Widgets": []
      }
    ]
  },
  "mashupType": "mashup"
}]]>
            </mashupContent>
            <preview></preview>
        </Mashup>
    </Mashups>
</Entities>
